insert ignore into pelatis (pelatis_id, pelatis_Eponymo)
	values (364, "Davis");
insert ignore into pelatis (pelatis_id, pelatis_Eponymo)
	values (340, "Lubowitz");
insert ignore into pelatis (pelatis_id, pelatis_Eponymo)
	values (318, "Schultz");
insert ignore into pelatis (pelatis_id, pelatis_Eponymo)
	values (419, "Harber");
insert ignore into pelatis (pelatis_id, pelatis_Eponymo)
	values (106, "Yundt");
insert ignore into montelo (montelo_id, montelo_marka, montelo_typos, montelo_etos, montelo_kubismos)
	values (64, "qui", "consequatur", 1998, 1838);
insert ignore into montelo (montelo_id, montelo_marka, montelo_typos, montelo_etos, montelo_kubismos)
	values (40, "qui", "iusto", 2015, 1225);
insert ignore into montelo (montelo_id, montelo_marka, montelo_typos, montelo_etos, montelo_kubismos)
	values (18, "vitae", "illum", 2015, 1973);
insert ignore into montelo (montelo_id, montelo_marka, montelo_typos, montelo_etos, montelo_kubismos)
	values (19, "ut", "at", 1980, 1684);
insert ignore into montelo (montelo_id, montelo_marka, montelo_typos, montelo_etos, montelo_kubismos)
	values (6, "voluptatem", "voluptatum", 1982, 1543);
insert ignore into autokinito (autokinito_id, autokinito_arithmosKykloforias, montelo_id, pelatis_id)
	values (864, "rcw6973", 64, 364);
insert ignore into autokinito (autokinito_id, autokinito_arithmosKykloforias, montelo_id, pelatis_id)
	values (340, "cvi2168", 40, 340);
insert ignore into autokinito (autokinito_id, autokinito_arithmosKykloforias, montelo_id, pelatis_id)
	values (1818, "wpl3570", 18, 318);
insert ignore into autokinito (autokinito_id, autokinito_arithmosKykloforias, montelo_id, pelatis_id)
	values (419, "ifx5385", 19, 419);
insert ignore into autokinito (autokinito_id, autokinito_arithmosKykloforias, montelo_id, pelatis_id)
	values (606, "aei7832", 6, 106);
insert ignore into autokinito (autokinito_id, autokinito_arithmosKykloforias, montelo_id, pelatis_id)
	values (6, null, 6, null);
insert ignore into autokinito (autokinito_id, autokinito_arithmosKykloforias, montelo_id, pelatis_id)
	values (106, null, 6, null);
insert ignore into autokinito (autokinito_id, autokinito_arithmosKykloforias, montelo_id, pelatis_id)
	values (206, null, 6, null);
insert ignore into autokinito (autokinito_id, autokinito_arithmosKykloforias, montelo_id, pelatis_id)
	values (306, null, 6, null);
insert ignore into autokinito (autokinito_id, autokinito_arithmosKykloforias, montelo_id, pelatis_id)
	values (406, null, 6, null);
insert ignore into autokinito (autokinito_id, autokinito_arithmosKykloforias, montelo_id, pelatis_id)
	values (506, null, 6, null);
insert ignore into autokinito (autokinito_id, autokinito_arithmosKykloforias, montelo_id, pelatis_id)
	values (706, null, 6, null);
insert ignore into autokinito (autokinito_id, autokinito_arithmosKykloforias, montelo_id, pelatis_id)
	values (806, null, 6, null);
insert ignore into autokinito (autokinito_id, autokinito_arithmosKykloforias, montelo_id, pelatis_id)
	values (906, null, 6, null);
insert ignore into autokinito (autokinito_id, autokinito_arithmosKykloforias, montelo_id, pelatis_id)
	values (18, null, 18, null);
insert ignore into autokinito (autokinito_id, autokinito_arithmosKykloforias, montelo_id, pelatis_id)
	values (118, null, 18, null);
insert ignore into autokinito (autokinito_id, autokinito_arithmosKykloforias, montelo_id, pelatis_id)
	values (218, null, 18, null);
insert ignore into autokinito (autokinito_id, autokinito_arithmosKykloforias, montelo_id, pelatis_id)
	values (318, null, 18, null);
insert ignore into autokinito (autokinito_id, autokinito_arithmosKykloforias, montelo_id, pelatis_id)
	values (418, null, 18, null);
insert ignore into autokinito (autokinito_id, autokinito_arithmosKykloforias, montelo_id, pelatis_id)
	values (518, null, 18, null);
insert ignore into autokinito (autokinito_id, autokinito_arithmosKykloforias, montelo_id, pelatis_id)
	values (618, null, 18, null);
insert ignore into autokinito (autokinito_id, autokinito_arithmosKykloforias, montelo_id, pelatis_id)
	values (718, null, 18, null);
insert ignore into autokinito (autokinito_id, autokinito_arithmosKykloforias, montelo_id, pelatis_id)
	values (818, null, 18, null);
insert ignore into autokinito (autokinito_id, autokinito_arithmosKykloforias, montelo_id, pelatis_id)
	values (918, null, 18, null);
insert ignore into autokinito (autokinito_id, autokinito_arithmosKykloforias, montelo_id, pelatis_id)
	values (19, null, 19, null);
insert ignore into autokinito (autokinito_id, autokinito_arithmosKykloforias, montelo_id, pelatis_id)
	values (119, null, 19, null);
insert ignore into autokinito (autokinito_id, autokinito_arithmosKykloforias, montelo_id, pelatis_id)
	values (219, null, 19, null);
insert ignore into autokinito (autokinito_id, autokinito_arithmosKykloforias, montelo_id, pelatis_id)
	values (319, null, 19, null);
insert ignore into autokinito (autokinito_id, autokinito_arithmosKykloforias, montelo_id, pelatis_id)
	values (519, null, 19, null);
insert ignore into autokinito (autokinito_id, autokinito_arithmosKykloforias, montelo_id, pelatis_id)
	values (619, null, 19, null);
insert ignore into autokinito (autokinito_id, autokinito_arithmosKykloforias, montelo_id, pelatis_id)
	values (719, null, 19, null);
insert ignore into autokinito (autokinito_id, autokinito_arithmosKykloforias, montelo_id, pelatis_id)
	values (819, null, 19, null);
insert ignore into autokinito (autokinito_id, autokinito_arithmosKykloforias, montelo_id, pelatis_id)
	values (919, null, 19, null);
insert ignore into autokinito (autokinito_id, autokinito_arithmosKykloforias, montelo_id, pelatis_id)
	values (40, null, 40, null);
insert ignore into autokinito (autokinito_id, autokinito_arithmosKykloforias, montelo_id, pelatis_id)
	values (140, null, 40, null);
insert ignore into autokinito (autokinito_id, autokinito_arithmosKykloforias, montelo_id, pelatis_id)
	values (240, null, 40, null);
insert ignore into autokinito (autokinito_id, autokinito_arithmosKykloforias, montelo_id, pelatis_id)
	values (440, null, 40, null);
insert ignore into autokinito (autokinito_id, autokinito_arithmosKykloforias, montelo_id, pelatis_id)
	values (540, null, 40, null);
insert ignore into autokinito (autokinito_id, autokinito_arithmosKykloforias, montelo_id, pelatis_id)
	values (640, null, 40, null);
insert ignore into autokinito (autokinito_id, autokinito_arithmosKykloforias, montelo_id, pelatis_id)
	values (740, null, 40, null);
insert ignore into autokinito (autokinito_id, autokinito_arithmosKykloforias, montelo_id, pelatis_id)
	values (840, null, 40, null);
insert ignore into autokinito (autokinito_id, autokinito_arithmosKykloforias, montelo_id, pelatis_id)
	values (940, null, 40, null);
insert ignore into autokinito (autokinito_id, autokinito_arithmosKykloforias, montelo_id, pelatis_id)
	values (64, null, 64, null);
insert ignore into autokinito (autokinito_id, autokinito_arithmosKykloforias, montelo_id, pelatis_id)
	values (164, null, 64, null);
insert ignore into autokinito (autokinito_id, autokinito_arithmosKykloforias, montelo_id, pelatis_id)
	values (264, null, 64, null);
insert ignore into autokinito (autokinito_id, autokinito_arithmosKykloforias, montelo_id, pelatis_id)
	values (364, null, 64, null);
insert ignore into autokinito (autokinito_id, autokinito_arithmosKykloforias, montelo_id, pelatis_id)
	values (464, null, 64, null);
insert ignore into autokinito (autokinito_id, autokinito_arithmosKykloforias, montelo_id, pelatis_id)
	values (564, null, 64, null);
insert ignore into autokinito (autokinito_id, autokinito_arithmosKykloforias, montelo_id, pelatis_id)
	values (664, null, 64, null);
insert ignore into autokinito (autokinito_id, autokinito_arithmosKykloforias, montelo_id, pelatis_id)
	values (764, null, 64, null);
insert ignore into autokinito (autokinito_id, autokinito_arithmosKykloforias, montelo_id, pelatis_id)
	values (964, null, 64, null);
insert ignore into ergasia (ergasia_id, ergasia_AA, ergasia_xiliometra, ergasia_perigrafi, ergasia_typos, ergasia_kostos)
	values (6, 87, 196117, "Sunt earum quis necessitatibus inventore ex.", "Mixaniki", 3605.115);
insert ignore into ergasia (ergasia_id, ergasia_AA, ergasia_xiliometra, ergasia_perigrafi, ergasia_typos, ergasia_kostos)
	values (106, 49, 76884, "Neque similique est eaque voluptas quo magni.", "Fanopoiia", 13690.8059928);
insert ignore into ergasia (ergasia_id, ergasia_AA, ergasia_xiliometra, ergasia_perigrafi, ergasia_typos, ergasia_kostos)
	values (206, 30, 23033, "Quasi et voluptatem reprehenderit corporis.", "Mixaniki", 13952.6608533);
insert ignore into ergasia (ergasia_id, ergasia_AA, ergasia_xiliometra, ergasia_perigrafi, ergasia_typos, ergasia_kostos)
	values (306, 6, 231180, "Corporis distinctio officiis eaque aut rem fugit.", "Mixaniki", 10939.26954);
insert ignore into ergasia (ergasia_id, ergasia_AA, ergasia_xiliometra, ergasia_perigrafi, ergasia_typos, ergasia_kostos)
	values (406, 36, 151987, "Asperiores hic eveniet et error sed dolorem cum.", "Hlektriki", 4329.11);
insert ignore into ergasia (ergasia_id, ergasia_AA, ergasia_xiliometra, ergasia_perigrafi, ergasia_typos, ergasia_kostos)
	values (506, 29, 81254, "Adipisci et distinctio beatae ad dignissimos.", "Fanopoiia", 12625.8665975);
insert ignore into ergasia (ergasia_id, ergasia_AA, ergasia_xiliometra, ergasia_perigrafi, ergasia_typos, ergasia_kostos)
	values (606, 99, 2874, "Et odit officiis quam sed.", "Hlektriki", 14053.21);
insert ignore into ergasia (ergasia_id, ergasia_AA, ergasia_xiliometra, ergasia_perigrafi, ergasia_typos, ergasia_kostos)
	values (706, 62, 210494, "Illo et aut eos expedita aspernatur.", "Hlektriki", 5856.592437);
insert ignore into ergasia (ergasia_id, ergasia_AA, ergasia_xiliometra, ergasia_perigrafi, ergasia_typos, ergasia_kostos)
	values (806, 36, 230737, "Ex dicta eos et possimus tempore ut sit.", "Fanopoiia", 5129.8191032);
insert ignore into ergasia (ergasia_id, ergasia_AA, ergasia_xiliometra, ergasia_perigrafi, ergasia_typos, ergasia_kostos)
	values (906, 40, 195820, "Sit nam ipsam eum dolores.", "Mixaniki", 10378.64191634);
insert ignore into ergasia (ergasia_id, ergasia_AA, ergasia_xiliometra, ergasia_perigrafi, ergasia_typos, ergasia_kostos)
	values (18, 52, 16195, "Ut nisi nihil aut enim quia dolorem sit.", "Hlektriki", 6071.97385);
insert ignore into ergasia (ergasia_id, ergasia_AA, ergasia_xiliometra, ergasia_perigrafi, ergasia_typos, ergasia_kostos)
	values (118, 79, 221072, "Omnis illo molestiae laborum illum dignissimos.", "Hlektriki", 7126.651752217);
insert ignore into ergasia (ergasia_id, ergasia_AA, ergasia_xiliometra, ergasia_perigrafi, ergasia_typos, ergasia_kostos)
	values (218, 56, 226823, "Id suscipit quaerat dolores aut molestiae.", "Hlektriki", 12299.691369641);
insert ignore into ergasia (ergasia_id, ergasia_AA, ergasia_xiliometra, ergasia_perigrafi, ergasia_typos, ergasia_kostos)
	values (318, 57, 136851, "Facilis ipsam illum assumenda ut.", "Fanopoiia", 8051.24999778);
insert ignore into ergasia (ergasia_id, ergasia_AA, ergasia_xiliometra, ergasia_perigrafi, ergasia_typos, ergasia_kostos)
	values (418, 79, 143124, "Et alias voluptas et minus suscipit aut.", "Hlektriki", 6181.201);
insert ignore into ergasia (ergasia_id, ergasia_AA, ergasia_xiliometra, ergasia_perigrafi, ergasia_typos, ergasia_kostos)
	values (518, 52, 208466, "Architecto perferendis in quas ut nulla qui.", "Hlektriki", 3961.649);
insert ignore into ergasia (ergasia_id, ergasia_AA, ergasia_xiliometra, ergasia_perigrafi, ergasia_typos, ergasia_kostos)
	values (618, 77, 144697, "Necessitatibus veritatis labore omnis rerum est.", "Mixaniki", 184.604664);
insert ignore into ergasia (ergasia_id, ergasia_AA, ergasia_xiliometra, ergasia_perigrafi, ergasia_typos, ergasia_kostos)
	values (718, 1, 123596, "Sed quasi magni et non repellat.", "Hlektriki", 11430.499);
insert ignore into ergasia (ergasia_id, ergasia_AA, ergasia_xiliometra, ergasia_perigrafi, ergasia_typos, ergasia_kostos)
	values (818, 40, 230961, "Minus ea reiciendis suscipit consequatur.", "Hlektriki", 12353.681);
insert ignore into ergasia (ergasia_id, ergasia_AA, ergasia_xiliometra, ergasia_perigrafi, ergasia_typos, ergasia_kostos)
	values (918, 59, 228363, "Sit eius sit vel atque soluta.", "Hlektriki", 1887.8724);
insert ignore into ergasia (ergasia_id, ergasia_AA, ergasia_xiliometra, ergasia_perigrafi, ergasia_typos, ergasia_kostos)
	values (19, 90, 53340, "Sint consequatur cupiditate aut eveniet quae ut.", "Hlektriki", 885.848);
insert ignore into ergasia (ergasia_id, ergasia_AA, ergasia_xiliometra, ergasia_perigrafi, ergasia_typos, ergasia_kostos)
	values (119, 42, 170683, "Saepe quo temporibus debitis modi commodi aut.", "Hlektriki", 1005.110171);
insert ignore into ergasia (ergasia_id, ergasia_AA, ergasia_xiliometra, ergasia_perigrafi, ergasia_typos, ergasia_kostos)
	values (219, 31, 245978, "Aut corrupti consectetur recusandae sunt.", "Fanopoiia", 8593.86569);
insert ignore into ergasia (ergasia_id, ergasia_AA, ergasia_xiliometra, ergasia_perigrafi, ergasia_typos, ergasia_kostos)
	values (319, 19, 23550, "Vel architecto quia vero iste et.", "Fanopoiia", 10048.9126);
insert ignore into ergasia (ergasia_id, ergasia_AA, ergasia_xiliometra, ergasia_perigrafi, ergasia_typos, ergasia_kostos)
	values (419, 52, 150042, "Esse accusantium et dolorem veniam quis.", "Hlektriki", 9442.762);
insert ignore into ergasia (ergasia_id, ergasia_AA, ergasia_xiliometra, ergasia_perigrafi, ergasia_typos, ergasia_kostos)
	values (519, 82, 131692, "Repellendus vitae temporibus aut.", "Mixaniki", 1892.5734828);
insert ignore into ergasia (ergasia_id, ergasia_AA, ergasia_xiliometra, ergasia_perigrafi, ergasia_typos, ergasia_kostos)
	values (619, 73, 56848, "Et necessitatibus nam rerum quas sit qui.", "Mixaniki", 520.8);
insert ignore into ergasia (ergasia_id, ergasia_AA, ergasia_xiliometra, ergasia_perigrafi, ergasia_typos, ergasia_kostos)
	values (719, 95, 48047, "Ratione et tempora aliquam.", "Fanopoiia", 6232.35);
insert ignore into ergasia (ergasia_id, ergasia_AA, ergasia_xiliometra, ergasia_perigrafi, ergasia_typos, ergasia_kostos)
	values (819, 61, 229781, "Fugiat ipsa modi quia quos nulla architecto.", "Hlektriki", 3980.2449);
insert ignore into ergasia (ergasia_id, ergasia_AA, ergasia_xiliometra, ergasia_perigrafi, ergasia_typos, ergasia_kostos)
	values (919, 42, 121930, "Qui explicabo eum voluptatum ad quidem eum sit.", "Mixaniki", 4480.0372128);
insert ignore into ergasia (ergasia_id, ergasia_AA, ergasia_xiliometra, ergasia_perigrafi, ergasia_typos, ergasia_kostos)
	values (40, 35, 104831, "Error ad occaecati sequi molestiae.", "Mixaniki", 7665.7217668);
insert ignore into ergasia (ergasia_id, ergasia_AA, ergasia_xiliometra, ergasia_perigrafi, ergasia_typos, ergasia_kostos)
	values (140, 31, 31724, "Dolor necessitatibus est soluta.", "Hlektriki", 4743.590246161);
insert ignore into ergasia (ergasia_id, ergasia_AA, ergasia_xiliometra, ergasia_perigrafi, ergasia_typos, ergasia_kostos)
	values (240, 35, 80763, "Vel quia tempore eaque quibusdam facere quo.", "Hlektriki", 10491.2);
insert ignore into ergasia (ergasia_id, ergasia_AA, ergasia_xiliometra, ergasia_perigrafi, ergasia_typos, ergasia_kostos)
	values (340, 56, 186426, "Praesentium alias odit aliquam quisquam sit.", "Hlektriki", 8798.9274);
insert ignore into ergasia (ergasia_id, ergasia_AA, ergasia_xiliometra, ergasia_perigrafi, ergasia_typos, ergasia_kostos)
	values (440, 83, 184605, "Nostrum et quae vel recusandae quidem voluptas.", "Hlektriki", 3804.6204);
insert ignore into ergasia (ergasia_id, ergasia_AA, ergasia_xiliometra, ergasia_perigrafi, ergasia_typos, ergasia_kostos)
	values (540, 58, 181251, "Commodi voluptas deleniti porro officiis nisi.", "Mixaniki", 1005.02516977);
insert ignore into ergasia (ergasia_id, ergasia_AA, ergasia_xiliometra, ergasia_perigrafi, ergasia_typos, ergasia_kostos)
	values (640, 65, 33230, "Et ipsa natus fugiat laboriosam.", "Mixaniki", 12349.51);
insert ignore into ergasia (ergasia_id, ergasia_AA, ergasia_xiliometra, ergasia_perigrafi, ergasia_typos, ergasia_kostos)
	values (740, 53, 118787, "Nesciunt debitis consequuntur rerum et.", "Mixaniki", 7728.02556387);
insert ignore into ergasia (ergasia_id, ergasia_AA, ergasia_xiliometra, ergasia_perigrafi, ergasia_typos, ergasia_kostos)
	values (840, 40, 173896, "Deserunt distinctio nisi dolor pariatur fugiat.", "Mixaniki", 1121.00741503);
insert ignore into ergasia (ergasia_id, ergasia_AA, ergasia_xiliometra, ergasia_perigrafi, ergasia_typos, ergasia_kostos)
	values (940, 56, 172522, "Doloribus sunt eaque quo quo qui aut commodi.", "Mixaniki", 10720.901482632);
insert ignore into ergasia (ergasia_id, ergasia_AA, ergasia_xiliometra, ergasia_perigrafi, ergasia_typos, ergasia_kostos)
	values (64, 24, 61953, "Earum qui porro dolorum dicta et blanditiis nam.", "Mixaniki", 4431.505488409);
insert ignore into ergasia (ergasia_id, ergasia_AA, ergasia_xiliometra, ergasia_perigrafi, ergasia_typos, ergasia_kostos)
	values (164, 49, 164240, "Et fuga fuga quia ut ut est.", "Fanopoiia", 9934.74344936);
insert ignore into ergasia (ergasia_id, ergasia_AA, ergasia_xiliometra, ergasia_perigrafi, ergasia_typos, ergasia_kostos)
	values (264, 23, 88502, "Sint animi quae quo dolor eum aut facere ipsa.", "Fanopoiia", 5446.4319111);
insert ignore into ergasia (ergasia_id, ergasia_AA, ergasia_xiliometra, ergasia_perigrafi, ergasia_typos, ergasia_kostos)
	values (364, 81, 55297, "Repellendus vel vero atque voluptatem.", "Hlektriki", 12376.051128039);
insert ignore into ergasia (ergasia_id, ergasia_AA, ergasia_xiliometra, ergasia_perigrafi, ergasia_typos, ergasia_kostos)
	values (464, 42, 128632, "Amet saepe hic repellat error.", "Fanopoiia", 13155.7);
insert ignore into ergasia (ergasia_id, ergasia_AA, ergasia_xiliometra, ergasia_perigrafi, ergasia_typos, ergasia_kostos)
	values (564, 76, 177127, "Eaque amet et cum consequuntur rerum sunt quia.", "Mixaniki", 9174);
insert ignore into ergasia (ergasia_id, ergasia_AA, ergasia_xiliometra, ergasia_perigrafi, ergasia_typos, ergasia_kostos)
	values (664, 12, 224989, "Ut non eos voluptas.", "Fanopoiia", 14755.388);
insert ignore into ergasia (ergasia_id, ergasia_AA, ergasia_xiliometra, ergasia_perigrafi, ergasia_typos, ergasia_kostos)
	values (764, 68, 226094, "Autem qui non est necessitatibus omnis tempore.", "Mixaniki", 11396.13148817);
insert ignore into ergasia (ergasia_id, ergasia_AA, ergasia_xiliometra, ergasia_perigrafi, ergasia_typos, ergasia_kostos)
	values (864, 33, 60455, "Est magni non vel optio amet dolorem.", "Fanopoiia", 4637.29634);
insert ignore into ergasia (ergasia_id, ergasia_AA, ergasia_xiliometra, ergasia_perigrafi, ergasia_typos, ergasia_kostos)
	values (964, 89, 192916, "Culpa animi dicta officia ut est.", "Mixaniki", 1240);
insert ignore into ypalilos (ypalilos_id, ypalilos_eponymo, ypalilos_typos)
	values (6, "Bashirian", "Mixanikos");
insert ignore into ypalilos (ypalilos_id, ypalilos_eponymo, ypalilos_typos)
	values (18, "Jaskolski", "Fanopoios");
insert ignore into ypalilos (ypalilos_id, ypalilos_eponymo, ypalilos_typos)
	values (19, "Wilkinson", "Fanopoios");
insert ignore into ypalilos (ypalilos_id, ypalilos_eponymo, ypalilos_typos)
	values (15, "Herzog", "Fanopoios");
insert ignore into ypalilos (ypalilos_id, ypalilos_eponymo, ypalilos_typos)
	values (14, "Kessler", "Fanopoios");
insert ignore into aitima (syntirisi_id, autokinito_id, syntirisi_perigrafi, syntirisi_timestamp, syntirisi_kodikos, syntirisi_oloklirothike)
	values (6, 6, "Mouse had changed his mind, and was going to.", "2006-06-13 17:26:49", 1, false);
insert ignore into aitima (syntirisi_id, autokinito_id, syntirisi_perigrafi, syntirisi_timestamp, syntirisi_kodikos, syntirisi_oloklirothike)
	values (106, 106, "Dormouse say?\' one of these cakes,\' she thought,.", "1981-12-10 09:51:03", 3, true);
insert ignore into aitima (syntirisi_id, autokinito_id, syntirisi_perigrafi, syntirisi_timestamp, syntirisi_kodikos, syntirisi_oloklirothike)
	values (206, 206, "I am in the distance, and she thought it over.", "1987-07-28 15:16:31", 3, false);
insert ignore into aitima (syntirisi_id, autokinito_id, syntirisi_perigrafi, syntirisi_timestamp, syntirisi_kodikos, syntirisi_oloklirothike)
	values (306, 306, "What happened to you? Tell us all about as much.", "1972-07-27 06:11:41", 6, false);
insert ignore into aitima (syntirisi_id, autokinito_id, syntirisi_perigrafi, syntirisi_timestamp, syntirisi_kodikos, syntirisi_oloklirothike)
	values (406, 406, "Mock Turtle repeated thoughtfully. \'I should.", "2012-11-13 10:52:09", 6, true);
insert ignore into aitima (syntirisi_id, autokinito_id, syntirisi_perigrafi, syntirisi_timestamp, syntirisi_kodikos, syntirisi_oloklirothike)
	values (506, 506, "Mouse had changed his mind, and was surprised to.", "2011-01-14 04:42:47", 4, true);
insert ignore into aitima (syntirisi_id, autokinito_id, syntirisi_perigrafi, syntirisi_timestamp, syntirisi_kodikos, syntirisi_oloklirothike)
	values (606, 606, "THEN--she found herself in the back. However, it.", "1997-06-19 12:01:51", 9, true);
insert ignore into aitima (syntirisi_id, autokinito_id, syntirisi_perigrafi, syntirisi_timestamp, syntirisi_kodikos, syntirisi_oloklirothike)
	values (706, 706, "It doesn\'t look like it?\' he said, \'on and off,.", "1978-08-05 00:08:24", 5, false);
insert ignore into aitima (syntirisi_id, autokinito_id, syntirisi_perigrafi, syntirisi_timestamp, syntirisi_kodikos, syntirisi_oloklirothike)
	values (806, 806, "Alice\'s first thought was that you have of.", "1978-03-05 12:26:44", 9, false);
insert ignore into aitima (syntirisi_id, autokinito_id, syntirisi_perigrafi, syntirisi_timestamp, syntirisi_kodikos, syntirisi_oloklirothike)
	values (906, 906, "I\'ll try and say \"How doth the little--\"\' and.", "1998-06-29 05:31:43", 9, true);
insert ignore into aitima (syntirisi_id, autokinito_id, syntirisi_perigrafi, syntirisi_timestamp, syntirisi_kodikos, syntirisi_oloklirothike)
	values (18, 18, "IN the well,\' Alice said very politely, \'if I.", "2003-09-09 04:17:34", 8, true);
insert ignore into aitima (syntirisi_id, autokinito_id, syntirisi_perigrafi, syntirisi_timestamp, syntirisi_kodikos, syntirisi_oloklirothike)
	values (118, 118, "Alice quietly said, just as well wait, as she.", "2011-05-21 11:39:32", 9, false);
insert ignore into aitima (syntirisi_id, autokinito_id, syntirisi_perigrafi, syntirisi_timestamp, syntirisi_kodikos, syntirisi_oloklirothike)
	values (218, 218, "Will you, won\'t you, won\'t you, will you, won\'t.", "1980-05-20 14:45:18", 8, true);
insert ignore into aitima (syntirisi_id, autokinito_id, syntirisi_perigrafi, syntirisi_timestamp, syntirisi_kodikos, syntirisi_oloklirothike)
	values (318, 318, "Alice, \'or perhaps they won\'t walk the way I.", "1980-10-23 22:33:52", 6, true);
insert ignore into aitima (syntirisi_id, autokinito_id, syntirisi_perigrafi, syntirisi_timestamp, syntirisi_kodikos, syntirisi_oloklirothike)
	values (418, 418, "I think you\'d better finish the story for.", "2007-02-02 04:14:14", 7, true);
insert ignore into aitima (syntirisi_id, autokinito_id, syntirisi_perigrafi, syntirisi_timestamp, syntirisi_kodikos, syntirisi_oloklirothike)
	values (518, 518, "THE KING AND QUEEN OF HEARTS. Alice was not.", "1983-07-31 01:18:15", 7, true);
insert ignore into aitima (syntirisi_id, autokinito_id, syntirisi_perigrafi, syntirisi_timestamp, syntirisi_kodikos, syntirisi_oloklirothike)
	values (618, 618, "There could be beheaded, and that if something.", "1997-11-28 13:01:50", 9, true);
insert ignore into aitima (syntirisi_id, autokinito_id, syntirisi_perigrafi, syntirisi_timestamp, syntirisi_kodikos, syntirisi_oloklirothike)
	values (718, 718, "Ann! Mary Ann!\' said the Mouse, getting up and.", "1976-03-15 01:14:02", 7, true);
insert ignore into aitima (syntirisi_id, autokinito_id, syntirisi_perigrafi, syntirisi_timestamp, syntirisi_kodikos, syntirisi_oloklirothike)
	values (818, 818, "As soon as the Lory hastily. \'I thought it.", "1977-08-22 03:17:54", 2, true);
insert ignore into aitima (syntirisi_id, autokinito_id, syntirisi_perigrafi, syntirisi_timestamp, syntirisi_kodikos, syntirisi_oloklirothike)
	values (918, 918, "No, there were a Duck and a Canary called out to.", "1996-10-04 02:30:27", 0, true);
insert ignore into aitima (syntirisi_id, autokinito_id, syntirisi_perigrafi, syntirisi_timestamp, syntirisi_kodikos, syntirisi_oloklirothike)
	values (19, 19, "Alice caught the flamingo and brought it back,.", "1984-04-27 08:46:26", 7, true);
insert ignore into aitima (syntirisi_id, autokinito_id, syntirisi_perigrafi, syntirisi_timestamp, syntirisi_kodikos, syntirisi_oloklirothike)
	values (119, 119, "Hatter said, tossing his head sadly. \'Do I look.", "1986-04-26 06:46:07", 6, true);
insert ignore into aitima (syntirisi_id, autokinito_id, syntirisi_perigrafi, syntirisi_timestamp, syntirisi_kodikos, syntirisi_oloklirothike)
	values (219, 219, "The Antipathies, I think--\' (for, you see, so.", "1990-05-10 22:23:49", 5, false);
insert ignore into aitima (syntirisi_id, autokinito_id, syntirisi_perigrafi, syntirisi_timestamp, syntirisi_kodikos, syntirisi_oloklirothike)
	values (319, 319, "Alice thought she had felt quite unhappy at the.", "1972-07-17 09:28:17", 9, true);
insert ignore into aitima (syntirisi_id, autokinito_id, syntirisi_perigrafi, syntirisi_timestamp, syntirisi_kodikos, syntirisi_oloklirothike)
	values (419, 419, "Alice. \'I\'ve tried the effect of lying down on.", "1975-06-13 23:42:38", 2, false);
insert ignore into aitima (syntirisi_id, autokinito_id, syntirisi_perigrafi, syntirisi_timestamp, syntirisi_kodikos, syntirisi_oloklirothike)
	values (519, 519, "Edwin and Morcar, the earls of Mercia and.", "1970-04-16 15:17:53", 6, false);
insert ignore into aitima (syntirisi_id, autokinito_id, syntirisi_perigrafi, syntirisi_timestamp, syntirisi_kodikos, syntirisi_oloklirothike)
	values (619, 619, "I\'ve got to the little creature down, and the.", "1996-08-20 21:11:46", 5, true);
insert ignore into aitima (syntirisi_id, autokinito_id, syntirisi_perigrafi, syntirisi_timestamp, syntirisi_kodikos, syntirisi_oloklirothike)
	values (719, 719, "Mouse replied rather crossly: \'of course you.", "1995-06-01 11:06:08", 4, false);
insert ignore into aitima (syntirisi_id, autokinito_id, syntirisi_perigrafi, syntirisi_timestamp, syntirisi_kodikos, syntirisi_oloklirothike)
	values (819, 819, "The pepper when he pleases!\' CHORUS. \'Wow! wow!.", "2000-01-19 23:35:32", 1, true);
insert ignore into aitima (syntirisi_id, autokinito_id, syntirisi_perigrafi, syntirisi_timestamp, syntirisi_kodikos, syntirisi_oloklirothike)
	values (919, 919, "I can remember feeling a little bottle that.", "2010-01-05 03:34:04", 4, true);
insert ignore into aitima (syntirisi_id, autokinito_id, syntirisi_perigrafi, syntirisi_timestamp, syntirisi_kodikos, syntirisi_oloklirothike)
	values (40, 40, "Caterpillar angrily, rearing itself upright as.", "1994-07-22 14:17:00", 8, false);
insert ignore into aitima (syntirisi_id, autokinito_id, syntirisi_perigrafi, syntirisi_timestamp, syntirisi_kodikos, syntirisi_oloklirothike)
	values (140, 140, "OUTSIDE.\' He unfolded the paper as he came, \'Oh!.", "1973-12-04 20:11:29", 6, false);
insert ignore into aitima (syntirisi_id, autokinito_id, syntirisi_perigrafi, syntirisi_timestamp, syntirisi_kodikos, syntirisi_oloklirothike)
	values (240, 240, "Mock Turtle\'s Story \'You can\'t think how glad I.", "2015-07-10 09:39:00", 4, false);
insert ignore into aitima (syntirisi_id, autokinito_id, syntirisi_perigrafi, syntirisi_timestamp, syntirisi_kodikos, syntirisi_oloklirothike)
	values (340, 340, "Alice glanced rather anxiously at the stick,.", "1982-02-23 13:40:13", 2, false);
insert ignore into aitima (syntirisi_id, autokinito_id, syntirisi_perigrafi, syntirisi_timestamp, syntirisi_kodikos, syntirisi_oloklirothike)
	values (440, 440, "Who ever saw in my kitchen AT ALL. Soup does.", "2012-10-09 07:58:13", 6, true);
insert ignore into aitima (syntirisi_id, autokinito_id, syntirisi_perigrafi, syntirisi_timestamp, syntirisi_kodikos, syntirisi_oloklirothike)
	values (540, 540, "Alice in a VERY unpleasant state of mind, she.", "1987-11-11 05:55:07", 5, true);
insert ignore into aitima (syntirisi_id, autokinito_id, syntirisi_perigrafi, syntirisi_timestamp, syntirisi_kodikos, syntirisi_oloklirothike)
	values (640, 640, "The Gryphon lifted up both its paws in surprise..", "1991-07-06 01:28:57", 0, true);
insert ignore into aitima (syntirisi_id, autokinito_id, syntirisi_perigrafi, syntirisi_timestamp, syntirisi_kodikos, syntirisi_oloklirothike)
	values (740, 740, "Queen was close behind it when she caught it,.", "1982-10-28 20:55:31", 8, true);
insert ignore into aitima (syntirisi_id, autokinito_id, syntirisi_perigrafi, syntirisi_timestamp, syntirisi_kodikos, syntirisi_oloklirothike)
	values (840, 840, "Duchess replied, in a great many teeth, so she.", "1971-02-04 21:31:01", 7, false);
insert ignore into aitima (syntirisi_id, autokinito_id, syntirisi_perigrafi, syntirisi_timestamp, syntirisi_kodikos, syntirisi_oloklirothike)
	values (940, 940, "Dormouse shook its head impatiently, and walked.", "1998-12-22 10:55:26", 2, true);
insert ignore into aitima (syntirisi_id, autokinito_id, syntirisi_perigrafi, syntirisi_timestamp, syntirisi_kodikos, syntirisi_oloklirothike)
	values (64, 64, "Alice replied, so eagerly that the pebbles were.", "2008-10-28 13:12:24", 2, false);
insert ignore into aitima (syntirisi_id, autokinito_id, syntirisi_perigrafi, syntirisi_timestamp, syntirisi_kodikos, syntirisi_oloklirothike)
	values (164, 164, "Alice again, in a whisper, half afraid that she.", "1989-03-14 17:31:40", 1, false);
insert ignore into aitima (syntirisi_id, autokinito_id, syntirisi_perigrafi, syntirisi_timestamp, syntirisi_kodikos, syntirisi_oloklirothike)
	values (264, 264, "Alice; \'all I know THAT well enough; and what.", "2014-04-16 04:43:16", 8, true);
insert ignore into aitima (syntirisi_id, autokinito_id, syntirisi_perigrafi, syntirisi_timestamp, syntirisi_kodikos, syntirisi_oloklirothike)
	values (364, 364, "Alice. \'I mean what I eat\" is the reason so many.", "1997-01-09 05:13:02", 9, false);
insert ignore into aitima (syntirisi_id, autokinito_id, syntirisi_perigrafi, syntirisi_timestamp, syntirisi_kodikos, syntirisi_oloklirothike)
	values (464, 464, "CURTSEYING as you\'re falling through the door,.", "2001-12-27 21:51:06", 1, false);
insert ignore into aitima (syntirisi_id, autokinito_id, syntirisi_perigrafi, syntirisi_timestamp, syntirisi_kodikos, syntirisi_oloklirothike)
	values (564, 564, "Alice, surprised at her as she could see it.", "1987-06-03 23:25:05", 9, false);
insert ignore into aitima (syntirisi_id, autokinito_id, syntirisi_perigrafi, syntirisi_timestamp, syntirisi_kodikos, syntirisi_oloklirothike)
	values (664, 664, "VERY short remarks, and she very soon finished.", "1987-08-03 18:13:09", 0, false);
insert ignore into aitima (syntirisi_id, autokinito_id, syntirisi_perigrafi, syntirisi_timestamp, syntirisi_kodikos, syntirisi_oloklirothike)
	values (764, 764, "Queen. \'It proves nothing of the way I want to.", "1987-10-02 20:22:04", 0, false);
insert ignore into aitima (syntirisi_id, autokinito_id, syntirisi_perigrafi, syntirisi_timestamp, syntirisi_kodikos, syntirisi_oloklirothike)
	values (864, 864, "There was a child,\' said the Mock Turtle, and.", "2018-01-30 12:08:48", 7, true);
insert ignore into aitima (syntirisi_id, autokinito_id, syntirisi_perigrafi, syntirisi_timestamp, syntirisi_kodikos, syntirisi_oloklirothike)
	values (964, 964, "I BEG your pardon!\' said the Pigeon. \'I can tell.", "2012-04-17 01:50:04", 7, false);
insert ignore into vlavi (vlavi_id, syntirisi_id)
	values (0, 340);
insert ignore into vlavi (vlavi_id, syntirisi_id)
	values (1, 419);
insert ignore into vlavi (vlavi_id, syntirisi_id)
	values (2, 606);
insert ignore into vlavi (vlavi_id, syntirisi_id)
	values (3, 864);
insert ignore into syntirisi (synt_id, syntirisi_id)
	values (0, 6);
insert ignore into syntirisi (synt_id, syntirisi_id)
	values (1, 6);
insert ignore into syntirisi (synt_id, syntirisi_id)
	values (2, 6);
insert ignore into syntirisi (synt_id, syntirisi_id)
	values (3, 6);
insert ignore into syntirisi (synt_id, syntirisi_id)
	values (4, 6);
insert ignore into syntirisi (synt_id, syntirisi_id)
	values (5, 106);
insert ignore into syntirisi (synt_id, syntirisi_id)
	values (6, 106);
insert ignore into syntirisi (synt_id, syntirisi_id)
	values (7, 106);
insert ignore into syntirisi (synt_id, syntirisi_id)
	values (8, 106);
insert ignore into syntirisi (synt_id, syntirisi_id)
	values (9, 106);
insert ignore into syntirisi (synt_id, syntirisi_id)
	values (10, 206);
insert ignore into syntirisi (synt_id, syntirisi_id)
	values (11, 206);
insert ignore into syntirisi (synt_id, syntirisi_id)
	values (12, 206);
insert ignore into syntirisi (synt_id, syntirisi_id)
	values (13, 206);
insert ignore into syntirisi (synt_id, syntirisi_id)
	values (14, 206);
insert ignore into syntirisi (synt_id, syntirisi_id)
	values (15, 306);
insert ignore into syntirisi (synt_id, syntirisi_id)
	values (16, 306);
insert ignore into syntirisi (synt_id, syntirisi_id)
	values (17, 306);
insert ignore into syntirisi (synt_id, syntirisi_id)
	values (18, 306);
insert ignore into syntirisi (synt_id, syntirisi_id)
	values (19, 306);
insert ignore into syntirisi (synt_id, syntirisi_id)
	values (20, 406);
insert ignore into syntirisi (synt_id, syntirisi_id)
	values (21, 406);
insert ignore into syntirisi (synt_id, syntirisi_id)
	values (22, 406);
insert ignore into syntirisi (synt_id, syntirisi_id)
	values (23, 406);
insert ignore into syntirisi (synt_id, syntirisi_id)
	values (24, 406);
insert ignore into syntirisi (synt_id, syntirisi_id)
	values (25, 506);
insert ignore into syntirisi (synt_id, syntirisi_id)
	values (26, 506);
insert ignore into syntirisi (synt_id, syntirisi_id)
	values (27, 506);
insert ignore into syntirisi (synt_id, syntirisi_id)
	values (28, 506);
insert ignore into syntirisi (synt_id, syntirisi_id)
	values (29, 506);
insert ignore into syntirisi (synt_id, syntirisi_id)
	values (30, 606);
insert ignore into syntirisi (synt_id, syntirisi_id)
	values (31, 606);
insert ignore into syntirisi (synt_id, syntirisi_id)
	values (32, 606);
insert ignore into syntirisi (synt_id, syntirisi_id)
	values (33, 606);
insert ignore into syntirisi (synt_id, syntirisi_id)
	values (34, 606);
insert ignore into syntirisi (synt_id, syntirisi_id)
	values (35, 706);
insert ignore into syntirisi (synt_id, syntirisi_id)
	values (36, 706);
insert ignore into syntirisi (synt_id, syntirisi_id)
	values (37, 706);
insert ignore into syntirisi (synt_id, syntirisi_id)
	values (38, 706);
insert ignore into syntirisi (synt_id, syntirisi_id)
	values (39, 706);
insert ignore into syntirisi (synt_id, syntirisi_id)
	values (40, 806);
insert ignore into syntirisi (synt_id, syntirisi_id)
	values (41, 806);
insert ignore into syntirisi (synt_id, syntirisi_id)
	values (42, 806);
insert ignore into syntirisi (synt_id, syntirisi_id)
	values (43, 806);
insert ignore into syntirisi (synt_id, syntirisi_id)
	values (44, 806);
insert ignore into syntirisi (synt_id, syntirisi_id)
	values (45, 906);
insert ignore into syntirisi (synt_id, syntirisi_id)
	values (46, 906);
insert ignore into syntirisi (synt_id, syntirisi_id)
	values (47, 906);
insert ignore into syntirisi (synt_id, syntirisi_id)
	values (48, 906);
insert ignore into syntirisi (synt_id, syntirisi_id)
	values (49, 906);
insert ignore into syntirisi (synt_id, syntirisi_id)
	values (50, 18);
insert ignore into syntirisi (synt_id, syntirisi_id)
	values (51, 18);
insert ignore into syntirisi (synt_id, syntirisi_id)
	values (52, 18);
insert ignore into syntirisi (synt_id, syntirisi_id)
	values (53, 18);
insert ignore into syntirisi (synt_id, syntirisi_id)
	values (54, 18);
insert ignore into syntirisi (synt_id, syntirisi_id)
	values (55, 118);
insert ignore into syntirisi (synt_id, syntirisi_id)
	values (56, 118);
insert ignore into syntirisi (synt_id, syntirisi_id)
	values (57, 118);
insert ignore into syntirisi (synt_id, syntirisi_id)
	values (58, 118);
insert ignore into syntirisi (synt_id, syntirisi_id)
	values (59, 118);
insert ignore into syntirisi (synt_id, syntirisi_id)
	values (60, 218);
insert ignore into syntirisi (synt_id, syntirisi_id)
	values (61, 218);
insert ignore into syntirisi (synt_id, syntirisi_id)
	values (62, 218);
insert ignore into syntirisi (synt_id, syntirisi_id)
	values (63, 218);
insert ignore into syntirisi (synt_id, syntirisi_id)
	values (64, 218);
insert ignore into syntirisi (synt_id, syntirisi_id)
	values (65, 318);
insert ignore into syntirisi (synt_id, syntirisi_id)
	values (66, 318);
insert ignore into syntirisi (synt_id, syntirisi_id)
	values (67, 318);
insert ignore into syntirisi (synt_id, syntirisi_id)
	values (68, 318);
insert ignore into syntirisi (synt_id, syntirisi_id)
	values (69, 318);
insert ignore into syntirisi (synt_id, syntirisi_id)
	values (70, 418);
insert ignore into syntirisi (synt_id, syntirisi_id)
	values (71, 418);
insert ignore into syntirisi (synt_id, syntirisi_id)
	values (72, 418);
insert ignore into syntirisi (synt_id, syntirisi_id)
	values (73, 418);
insert ignore into syntirisi (synt_id, syntirisi_id)
	values (74, 418);
insert ignore into syntirisi (synt_id, syntirisi_id)
	values (75, 518);
insert ignore into syntirisi (synt_id, syntirisi_id)
	values (76, 518);
insert ignore into syntirisi (synt_id, syntirisi_id)
	values (77, 518);
insert ignore into syntirisi (synt_id, syntirisi_id)
	values (78, 518);
insert ignore into syntirisi (synt_id, syntirisi_id)
	values (79, 518);
insert ignore into syntirisi (synt_id, syntirisi_id)
	values (80, 618);
insert ignore into syntirisi (synt_id, syntirisi_id)
	values (81, 618);
insert ignore into syntirisi (synt_id, syntirisi_id)
	values (82, 618);
insert ignore into syntirisi (synt_id, syntirisi_id)
	values (83, 618);
insert ignore into syntirisi (synt_id, syntirisi_id)
	values (84, 618);
insert ignore into syntirisi (synt_id, syntirisi_id)
	values (85, 718);
insert ignore into syntirisi (synt_id, syntirisi_id)
	values (86, 718);
insert ignore into syntirisi (synt_id, syntirisi_id)
	values (87, 718);
insert ignore into syntirisi (synt_id, syntirisi_id)
	values (88, 718);
insert ignore into syntirisi (synt_id, syntirisi_id)
	values (89, 718);
insert ignore into syntirisi (synt_id, syntirisi_id)
	values (90, 818);
insert ignore into syntirisi (synt_id, syntirisi_id)
	values (91, 818);
insert ignore into syntirisi (synt_id, syntirisi_id)
	values (92, 818);
insert ignore into syntirisi (synt_id, syntirisi_id)
	values (93, 818);
insert ignore into syntirisi (synt_id, syntirisi_id)
	values (94, 818);
insert ignore into syntirisi (synt_id, syntirisi_id)
	values (95, 918);
insert ignore into syntirisi (synt_id, syntirisi_id)
	values (96, 918);
insert ignore into syntirisi (synt_id, syntirisi_id)
	values (97, 918);
insert ignore into syntirisi (synt_id, syntirisi_id)
	values (98, 918);
insert ignore into syntirisi (synt_id, syntirisi_id)
	values (99, 918);
insert ignore into syntirisi (synt_id, syntirisi_id)
	values (100, 19);
insert ignore into syntirisi (synt_id, syntirisi_id)
	values (101, 19);
insert ignore into syntirisi (synt_id, syntirisi_id)
	values (102, 19);
insert ignore into syntirisi (synt_id, syntirisi_id)
	values (103, 19);
insert ignore into syntirisi (synt_id, syntirisi_id)
	values (104, 19);
insert ignore into syntirisi (synt_id, syntirisi_id)
	values (105, 119);
insert ignore into syntirisi (synt_id, syntirisi_id)
	values (106, 119);
insert ignore into syntirisi (synt_id, syntirisi_id)
	values (107, 119);
insert ignore into syntirisi (synt_id, syntirisi_id)
	values (108, 119);
insert ignore into syntirisi (synt_id, syntirisi_id)
	values (109, 119);
insert ignore into syntirisi (synt_id, syntirisi_id)
	values (110, 219);
insert ignore into syntirisi (synt_id, syntirisi_id)
	values (111, 219);
insert ignore into syntirisi (synt_id, syntirisi_id)
	values (112, 219);
insert ignore into syntirisi (synt_id, syntirisi_id)
	values (113, 219);
insert ignore into syntirisi (synt_id, syntirisi_id)
	values (114, 219);
insert ignore into syntirisi (synt_id, syntirisi_id)
	values (115, 319);
insert ignore into syntirisi (synt_id, syntirisi_id)
	values (116, 319);
insert ignore into syntirisi (synt_id, syntirisi_id)
	values (117, 319);
insert ignore into syntirisi (synt_id, syntirisi_id)
	values (118, 319);
insert ignore into syntirisi (synt_id, syntirisi_id)
	values (119, 319);
insert ignore into syntirisi (synt_id, syntirisi_id)
	values (120, 419);
insert ignore into syntirisi (synt_id, syntirisi_id)
	values (121, 419);
insert ignore into syntirisi (synt_id, syntirisi_id)
	values (122, 419);
insert ignore into syntirisi (synt_id, syntirisi_id)
	values (123, 419);
insert ignore into syntirisi (synt_id, syntirisi_id)
	values (124, 419);
insert ignore into syntirisi (synt_id, syntirisi_id)
	values (125, 519);
insert ignore into syntirisi (synt_id, syntirisi_id)
	values (126, 519);
insert ignore into syntirisi (synt_id, syntirisi_id)
	values (127, 519);
insert ignore into syntirisi (synt_id, syntirisi_id)
	values (128, 519);
insert ignore into syntirisi (synt_id, syntirisi_id)
	values (129, 519);
insert ignore into syntirisi (synt_id, syntirisi_id)
	values (130, 619);
insert ignore into syntirisi (synt_id, syntirisi_id)
	values (131, 619);
insert ignore into syntirisi (synt_id, syntirisi_id)
	values (132, 619);
insert ignore into syntirisi (synt_id, syntirisi_id)
	values (133, 619);
insert ignore into syntirisi (synt_id, syntirisi_id)
	values (134, 619);
insert ignore into syntirisi (synt_id, syntirisi_id)
	values (135, 719);
insert ignore into syntirisi (synt_id, syntirisi_id)
	values (136, 719);
insert ignore into syntirisi (synt_id, syntirisi_id)
	values (137, 719);
insert ignore into syntirisi (synt_id, syntirisi_id)
	values (138, 719);
insert ignore into syntirisi (synt_id, syntirisi_id)
	values (139, 719);
insert ignore into syntirisi (synt_id, syntirisi_id)
	values (140, 819);
insert ignore into syntirisi (synt_id, syntirisi_id)
	values (141, 819);
insert ignore into syntirisi (synt_id, syntirisi_id)
	values (142, 819);
insert ignore into syntirisi (synt_id, syntirisi_id)
	values (143, 819);
insert ignore into syntirisi (synt_id, syntirisi_id)
	values (144, 819);
insert ignore into syntirisi (synt_id, syntirisi_id)
	values (145, 919);
insert ignore into syntirisi (synt_id, syntirisi_id)
	values (146, 919);
insert ignore into syntirisi (synt_id, syntirisi_id)
	values (147, 919);
insert ignore into syntirisi (synt_id, syntirisi_id)
	values (148, 919);
insert ignore into syntirisi (synt_id, syntirisi_id)
	values (149, 919);
insert ignore into syntirisi (synt_id, syntirisi_id)
	values (150, 40);
insert ignore into syntirisi (synt_id, syntirisi_id)
	values (151, 40);
insert ignore into syntirisi (synt_id, syntirisi_id)
	values (152, 40);
insert ignore into syntirisi (synt_id, syntirisi_id)
	values (153, 40);
insert ignore into syntirisi (synt_id, syntirisi_id)
	values (154, 40);
insert ignore into syntirisi (synt_id, syntirisi_id)
	values (155, 140);
insert ignore into syntirisi (synt_id, syntirisi_id)
	values (156, 140);
insert ignore into syntirisi (synt_id, syntirisi_id)
	values (157, 140);
insert ignore into syntirisi (synt_id, syntirisi_id)
	values (158, 140);
insert ignore into syntirisi (synt_id, syntirisi_id)
	values (159, 140);
insert ignore into syntirisi (synt_id, syntirisi_id)
	values (160, 240);
insert ignore into syntirisi (synt_id, syntirisi_id)
	values (161, 240);
insert ignore into syntirisi (synt_id, syntirisi_id)
	values (162, 240);
insert ignore into syntirisi (synt_id, syntirisi_id)
	values (163, 240);
insert ignore into syntirisi (synt_id, syntirisi_id)
	values (164, 240);
insert ignore into syntirisi (synt_id, syntirisi_id)
	values (165, 340);
insert ignore into syntirisi (synt_id, syntirisi_id)
	values (166, 340);
insert ignore into syntirisi (synt_id, syntirisi_id)
	values (167, 340);
insert ignore into syntirisi (synt_id, syntirisi_id)
	values (168, 340);
insert ignore into syntirisi (synt_id, syntirisi_id)
	values (169, 340);
insert ignore into syntirisi (synt_id, syntirisi_id)
	values (170, 440);
insert ignore into syntirisi (synt_id, syntirisi_id)
	values (171, 440);
insert ignore into syntirisi (synt_id, syntirisi_id)
	values (172, 440);
insert ignore into syntirisi (synt_id, syntirisi_id)
	values (173, 440);
insert ignore into syntirisi (synt_id, syntirisi_id)
	values (174, 440);
insert ignore into syntirisi (synt_id, syntirisi_id)
	values (175, 540);
insert ignore into syntirisi (synt_id, syntirisi_id)
	values (176, 540);
insert ignore into syntirisi (synt_id, syntirisi_id)
	values (177, 540);
insert ignore into syntirisi (synt_id, syntirisi_id)
	values (178, 540);
insert ignore into syntirisi (synt_id, syntirisi_id)
	values (179, 540);
insert ignore into syntirisi (synt_id, syntirisi_id)
	values (180, 640);
insert ignore into syntirisi (synt_id, syntirisi_id)
	values (181, 640);
insert ignore into syntirisi (synt_id, syntirisi_id)
	values (182, 640);
insert ignore into syntirisi (synt_id, syntirisi_id)
	values (183, 640);
insert ignore into syntirisi (synt_id, syntirisi_id)
	values (184, 640);
insert ignore into syntirisi (synt_id, syntirisi_id)
	values (185, 740);
insert ignore into syntirisi (synt_id, syntirisi_id)
	values (186, 740);
insert ignore into syntirisi (synt_id, syntirisi_id)
	values (187, 740);
insert ignore into syntirisi (synt_id, syntirisi_id)
	values (188, 740);
insert ignore into syntirisi (synt_id, syntirisi_id)
	values (189, 740);
insert ignore into syntirisi (synt_id, syntirisi_id)
	values (190, 840);
insert ignore into syntirisi (synt_id, syntirisi_id)
	values (191, 840);
insert ignore into syntirisi (synt_id, syntirisi_id)
	values (192, 840);
insert ignore into syntirisi (synt_id, syntirisi_id)
	values (193, 840);
insert ignore into syntirisi (synt_id, syntirisi_id)
	values (194, 840);
insert ignore into syntirisi (synt_id, syntirisi_id)
	values (195, 940);
insert ignore into syntirisi (synt_id, syntirisi_id)
	values (196, 940);
insert ignore into syntirisi (synt_id, syntirisi_id)
	values (197, 940);
insert ignore into syntirisi (synt_id, syntirisi_id)
	values (198, 940);
insert ignore into syntirisi (synt_id, syntirisi_id)
	values (199, 940);
insert ignore into syntirisi (synt_id, syntirisi_id)
	values (200, 64);
insert ignore into syntirisi (synt_id, syntirisi_id)
	values (201, 64);
insert ignore into syntirisi (synt_id, syntirisi_id)
	values (202, 64);
insert ignore into syntirisi (synt_id, syntirisi_id)
	values (203, 64);
insert ignore into syntirisi (synt_id, syntirisi_id)
	values (204, 64);
insert ignore into syntirisi (synt_id, syntirisi_id)
	values (205, 164);
insert ignore into syntirisi (synt_id, syntirisi_id)
	values (206, 164);
insert ignore into syntirisi (synt_id, syntirisi_id)
	values (207, 164);
insert ignore into syntirisi (synt_id, syntirisi_id)
	values (208, 164);
insert ignore into syntirisi (synt_id, syntirisi_id)
	values (209, 164);
insert ignore into syntirisi (synt_id, syntirisi_id)
	values (210, 264);
insert ignore into syntirisi (synt_id, syntirisi_id)
	values (211, 264);
insert ignore into syntirisi (synt_id, syntirisi_id)
	values (212, 264);
insert ignore into syntirisi (synt_id, syntirisi_id)
	values (213, 264);
insert ignore into syntirisi (synt_id, syntirisi_id)
	values (214, 264);
insert ignore into syntirisi (synt_id, syntirisi_id)
	values (215, 364);
insert ignore into syntirisi (synt_id, syntirisi_id)
	values (216, 364);
insert ignore into syntirisi (synt_id, syntirisi_id)
	values (217, 364);
insert ignore into syntirisi (synt_id, syntirisi_id)
	values (218, 364);
insert ignore into syntirisi (synt_id, syntirisi_id)
	values (219, 364);
insert ignore into syntirisi (synt_id, syntirisi_id)
	values (220, 464);
insert ignore into syntirisi (synt_id, syntirisi_id)
	values (221, 464);
insert ignore into syntirisi (synt_id, syntirisi_id)
	values (222, 464);
insert ignore into syntirisi (synt_id, syntirisi_id)
	values (223, 464);
insert ignore into syntirisi (synt_id, syntirisi_id)
	values (224, 464);
insert ignore into syntirisi (synt_id, syntirisi_id)
	values (225, 564);
insert ignore into syntirisi (synt_id, syntirisi_id)
	values (226, 564);
insert ignore into syntirisi (synt_id, syntirisi_id)
	values (227, 564);
insert ignore into syntirisi (synt_id, syntirisi_id)
	values (228, 564);
insert ignore into syntirisi (synt_id, syntirisi_id)
	values (229, 564);
insert ignore into syntirisi (synt_id, syntirisi_id)
	values (230, 664);
insert ignore into syntirisi (synt_id, syntirisi_id)
	values (231, 664);
insert ignore into syntirisi (synt_id, syntirisi_id)
	values (232, 664);
insert ignore into syntirisi (synt_id, syntirisi_id)
	values (233, 664);
insert ignore into syntirisi (synt_id, syntirisi_id)
	values (234, 664);
insert ignore into syntirisi (synt_id, syntirisi_id)
	values (235, 764);
insert ignore into syntirisi (synt_id, syntirisi_id)
	values (236, 764);
insert ignore into syntirisi (synt_id, syntirisi_id)
	values (237, 764);
insert ignore into syntirisi (synt_id, syntirisi_id)
	values (238, 764);
insert ignore into syntirisi (synt_id, syntirisi_id)
	values (239, 764);
insert ignore into syntirisi (synt_id, syntirisi_id)
	values (240, 864);
insert ignore into syntirisi (synt_id, syntirisi_id)
	values (241, 864);
insert ignore into syntirisi (synt_id, syntirisi_id)
	values (242, 864);
insert ignore into syntirisi (synt_id, syntirisi_id)
	values (243, 864);
insert ignore into syntirisi (synt_id, syntirisi_id)
	values (244, 864);
insert ignore into syntirisi (synt_id, syntirisi_id)
	values (245, 964);
insert ignore into syntirisi (synt_id, syntirisi_id)
	values (246, 964);
insert ignore into syntirisi (synt_id, syntirisi_id)
	values (247, 964);
insert ignore into syntirisi (synt_id, syntirisi_id)
	values (248, 964);
insert ignore into syntirisi (synt_id, syntirisi_id)
	values (249, 964);
insert ignore into eksipiretisi_vlavis (ypalilos_id, vlavi_id)
	values (15, 0);
insert ignore into eksipiretisi_vlavis (ypalilos_id, vlavi_id)
	values (19, 1);
insert ignore into eksipiretisi_vlavis (ypalilos_id, vlavi_id)
	values (6, 2);
insert ignore into eksipiretisi_vlavis (ypalilos_id, vlavi_id)
	values (14, 3);
insert ignore into eksipiretisi_syntirisis (ypalilos_id, ergasia_id, synt_id, eksypiretisiSyntirisis_timestamp)
	values (6, 6, 0, "1973-05-13 03:10:42");
insert ignore into eksipiretisi_syntirisis (ypalilos_id, ergasia_id, synt_id, eksypiretisiSyntirisis_timestamp)
	values (6, 6, 1, "1978-09-17 14:42:13");
insert ignore into eksipiretisi_syntirisis (ypalilos_id, ergasia_id, synt_id, eksypiretisiSyntirisis_timestamp)
	values (6, 6, 2, "1983-07-16 21:45:24");
insert ignore into eksipiretisi_syntirisis (ypalilos_id, ergasia_id, synt_id, eksypiretisiSyntirisis_timestamp)
	values (6, 6, 3, "2000-11-27 05:53:00");
insert ignore into eksipiretisi_syntirisis (ypalilos_id, ergasia_id, synt_id, eksypiretisiSyntirisis_timestamp)
	values (6, 6, 4, "2003-06-10 17:32:32");
insert ignore into eksipiretisi_syntirisis (ypalilos_id, ergasia_id, synt_id, eksypiretisiSyntirisis_timestamp)
	values (6, 106, 5, "1981-03-01 00:47:54");
insert ignore into eksipiretisi_syntirisis (ypalilos_id, ergasia_id, synt_id, eksypiretisiSyntirisis_timestamp)
	values (6, 106, 6, "1993-01-03 14:51:26");
insert ignore into eksipiretisi_syntirisis (ypalilos_id, ergasia_id, synt_id, eksypiretisiSyntirisis_timestamp)
	values (6, 106, 7, "1994-05-11 21:59:13");
insert ignore into eksipiretisi_syntirisis (ypalilos_id, ergasia_id, synt_id, eksypiretisiSyntirisis_timestamp)
	values (6, 106, 8, "2007-06-22 11:55:21");
insert ignore into eksipiretisi_syntirisis (ypalilos_id, ergasia_id, synt_id, eksypiretisiSyntirisis_timestamp)
	values (6, 106, 9, "2013-03-10 19:44:24");
insert ignore into eksipiretisi_syntirisis (ypalilos_id, ergasia_id, synt_id, eksypiretisiSyntirisis_timestamp)
	values (6, 206, 10, "1972-09-05 13:16:37");
insert ignore into eksipiretisi_syntirisis (ypalilos_id, ergasia_id, synt_id, eksypiretisiSyntirisis_timestamp)
	values (6, 206, 11, "1980-05-22 20:33:52");
insert ignore into eksipiretisi_syntirisis (ypalilos_id, ergasia_id, synt_id, eksypiretisiSyntirisis_timestamp)
	values (6, 206, 12, "1986-08-24 21:04:40");
insert ignore into eksipiretisi_syntirisis (ypalilos_id, ergasia_id, synt_id, eksypiretisiSyntirisis_timestamp)
	values (6, 206, 13, "1998-09-25 02:41:32");
insert ignore into eksipiretisi_syntirisis (ypalilos_id, ergasia_id, synt_id, eksypiretisiSyntirisis_timestamp)
	values (6, 206, 14, "2004-06-08 19:43:03");
insert ignore into eksipiretisi_syntirisis (ypalilos_id, ergasia_id, synt_id, eksypiretisiSyntirisis_timestamp)
	values (6, 306, 15, "1972-01-01 01:12:26");
insert ignore into eksipiretisi_syntirisis (ypalilos_id, ergasia_id, synt_id, eksypiretisiSyntirisis_timestamp)
	values (6, 306, 16, "1973-11-10 11:57:25");
insert ignore into eksipiretisi_syntirisis (ypalilos_id, ergasia_id, synt_id, eksypiretisiSyntirisis_timestamp)
	values (6, 306, 17, "1984-03-23 07:01:25");
insert ignore into eksipiretisi_syntirisis (ypalilos_id, ergasia_id, synt_id, eksypiretisiSyntirisis_timestamp)
	values (6, 306, 18, "2004-03-04 21:22:36");
insert ignore into eksipiretisi_syntirisis (ypalilos_id, ergasia_id, synt_id, eksypiretisiSyntirisis_timestamp)
	values (6, 306, 19, "2008-03-17 10:02:07");
insert ignore into eksipiretisi_syntirisis (ypalilos_id, ergasia_id, synt_id, eksypiretisiSyntirisis_timestamp)
	values (6, 406, 20, "1975-10-17 04:13:19");
insert ignore into eksipiretisi_syntirisis (ypalilos_id, ergasia_id, synt_id, eksypiretisiSyntirisis_timestamp)
	values (6, 406, 21, "1991-10-28 15:52:19");
insert ignore into eksipiretisi_syntirisis (ypalilos_id, ergasia_id, synt_id, eksypiretisiSyntirisis_timestamp)
	values (6, 406, 22, "1996-09-02 06:55:34");
insert ignore into eksipiretisi_syntirisis (ypalilos_id, ergasia_id, synt_id, eksypiretisiSyntirisis_timestamp)
	values (6, 406, 23, "2014-12-19 12:41:51");
insert ignore into eksipiretisi_syntirisis (ypalilos_id, ergasia_id, synt_id, eksypiretisiSyntirisis_timestamp)
	values (6, 406, 24, "2015-04-13 04:09:26");
insert ignore into eksipiretisi_syntirisis (ypalilos_id, ergasia_id, synt_id, eksypiretisiSyntirisis_timestamp)
	values (6, 506, 25, "1982-07-31 06:56:24");
insert ignore into eksipiretisi_syntirisis (ypalilos_id, ergasia_id, synt_id, eksypiretisiSyntirisis_timestamp)
	values (6, 506, 26, "1996-06-14 10:08:36");
insert ignore into eksipiretisi_syntirisis (ypalilos_id, ergasia_id, synt_id, eksypiretisiSyntirisis_timestamp)
	values (6, 506, 27, "2011-06-25 02:52:00");
insert ignore into eksipiretisi_syntirisis (ypalilos_id, ergasia_id, synt_id, eksypiretisiSyntirisis_timestamp)
	values (6, 506, 28, "2013-02-08 19:05:28");
insert ignore into eksipiretisi_syntirisis (ypalilos_id, ergasia_id, synt_id, eksypiretisiSyntirisis_timestamp)
	values (6, 506, 29, "2018-11-25 23:29:47");
insert ignore into eksipiretisi_syntirisis (ypalilos_id, ergasia_id, synt_id, eksypiretisiSyntirisis_timestamp)
	values (6, 606, 30, "1981-12-25 06:47:29");
insert ignore into eksipiretisi_syntirisis (ypalilos_id, ergasia_id, synt_id, eksypiretisiSyntirisis_timestamp)
	values (6, 606, 31, "1983-05-21 11:44:54");
insert ignore into eksipiretisi_syntirisis (ypalilos_id, ergasia_id, synt_id, eksypiretisiSyntirisis_timestamp)
	values (6, 606, 32, "1990-03-16 23:05:31");
insert ignore into eksipiretisi_syntirisis (ypalilos_id, ergasia_id, synt_id, eksypiretisiSyntirisis_timestamp)
	values (6, 606, 33, "2001-04-19 04:49:51");
insert ignore into eksipiretisi_syntirisis (ypalilos_id, ergasia_id, synt_id, eksypiretisiSyntirisis_timestamp)
	values (6, 606, 34, "2003-12-02 16:52:42");
insert ignore into eksipiretisi_syntirisis (ypalilos_id, ergasia_id, synt_id, eksypiretisiSyntirisis_timestamp)
	values (6, 706, 35, "1979-10-23 22:19:44");
insert ignore into eksipiretisi_syntirisis (ypalilos_id, ergasia_id, synt_id, eksypiretisiSyntirisis_timestamp)
	values (6, 706, 36, "1981-08-01 10:55:13");
insert ignore into eksipiretisi_syntirisis (ypalilos_id, ergasia_id, synt_id, eksypiretisiSyntirisis_timestamp)
	values (6, 706, 37, "1987-10-19 01:07:29");
insert ignore into eksipiretisi_syntirisis (ypalilos_id, ergasia_id, synt_id, eksypiretisiSyntirisis_timestamp)
	values (6, 706, 38, "2011-12-20 08:16:14");
insert ignore into eksipiretisi_syntirisis (ypalilos_id, ergasia_id, synt_id, eksypiretisiSyntirisis_timestamp)
	values (6, 706, 39, "2013-11-24 16:55:25");
insert ignore into eksipiretisi_syntirisis (ypalilos_id, ergasia_id, synt_id, eksypiretisiSyntirisis_timestamp)
	values (6, 806, 40, "1976-12-21 22:19:16");
insert ignore into eksipiretisi_syntirisis (ypalilos_id, ergasia_id, synt_id, eksypiretisiSyntirisis_timestamp)
	values (6, 806, 41, "1977-02-17 15:02:33");
insert ignore into eksipiretisi_syntirisis (ypalilos_id, ergasia_id, synt_id, eksypiretisiSyntirisis_timestamp)
	values (6, 806, 42, "2004-02-17 20:52:21");
insert ignore into eksipiretisi_syntirisis (ypalilos_id, ergasia_id, synt_id, eksypiretisiSyntirisis_timestamp)
	values (6, 806, 43, "2004-04-17 01:02:00");
insert ignore into eksipiretisi_syntirisis (ypalilos_id, ergasia_id, synt_id, eksypiretisiSyntirisis_timestamp)
	values (6, 806, 44, "2016-07-19 20:13:55");
insert ignore into eksipiretisi_syntirisis (ypalilos_id, ergasia_id, synt_id, eksypiretisiSyntirisis_timestamp)
	values (6, 906, 45, "1971-03-23 12:01:52");
insert ignore into eksipiretisi_syntirisis (ypalilos_id, ergasia_id, synt_id, eksypiretisiSyntirisis_timestamp)
	values (6, 906, 46, "1974-06-09 08:35:13");
insert ignore into eksipiretisi_syntirisis (ypalilos_id, ergasia_id, synt_id, eksypiretisiSyntirisis_timestamp)
	values (6, 906, 47, "1993-08-29 02:09:48");
insert ignore into eksipiretisi_syntirisis (ypalilos_id, ergasia_id, synt_id, eksypiretisiSyntirisis_timestamp)
	values (6, 906, 48, "2013-06-20 04:04:45");
insert ignore into eksipiretisi_syntirisis (ypalilos_id, ergasia_id, synt_id, eksypiretisiSyntirisis_timestamp)
	values (6, 906, 49, "2014-07-19 05:48:11");
insert ignore into eksipiretisi_syntirisis (ypalilos_id, ergasia_id, synt_id, eksypiretisiSyntirisis_timestamp)
	values (18, 18, 50, "1984-11-24 04:53:04");
insert ignore into eksipiretisi_syntirisis (ypalilos_id, ergasia_id, synt_id, eksypiretisiSyntirisis_timestamp)
	values (18, 18, 51, "1994-01-24 08:39:18");
insert ignore into eksipiretisi_syntirisis (ypalilos_id, ergasia_id, synt_id, eksypiretisiSyntirisis_timestamp)
	values (18, 18, 52, "2000-06-10 05:27:39");
insert ignore into eksipiretisi_syntirisis (ypalilos_id, ergasia_id, synt_id, eksypiretisiSyntirisis_timestamp)
	values (18, 18, 53, "2003-12-06 10:49:09");
insert ignore into eksipiretisi_syntirisis (ypalilos_id, ergasia_id, synt_id, eksypiretisiSyntirisis_timestamp)
	values (18, 18, 54, "2005-02-01 16:57:39");
insert ignore into eksipiretisi_syntirisis (ypalilos_id, ergasia_id, synt_id, eksypiretisiSyntirisis_timestamp)
	values (18, 118, 55, "1975-11-14 00:13:42");
insert ignore into eksipiretisi_syntirisis (ypalilos_id, ergasia_id, synt_id, eksypiretisiSyntirisis_timestamp)
	values (18, 118, 56, "1976-02-18 13:27:59");
insert ignore into eksipiretisi_syntirisis (ypalilos_id, ergasia_id, synt_id, eksypiretisiSyntirisis_timestamp)
	values (18, 118, 57, "1976-12-30 16:33:39");
insert ignore into eksipiretisi_syntirisis (ypalilos_id, ergasia_id, synt_id, eksypiretisiSyntirisis_timestamp)
	values (18, 118, 58, "1983-12-12 01:34:24");
insert ignore into eksipiretisi_syntirisis (ypalilos_id, ergasia_id, synt_id, eksypiretisiSyntirisis_timestamp)
	values (18, 118, 59, "2005-08-06 23:24:51");
insert ignore into eksipiretisi_syntirisis (ypalilos_id, ergasia_id, synt_id, eksypiretisiSyntirisis_timestamp)
	values (18, 218, 60, "1979-05-17 22:26:20");
insert ignore into eksipiretisi_syntirisis (ypalilos_id, ergasia_id, synt_id, eksypiretisiSyntirisis_timestamp)
	values (18, 218, 61, "1981-06-02 16:12:40");
insert ignore into eksipiretisi_syntirisis (ypalilos_id, ergasia_id, synt_id, eksypiretisiSyntirisis_timestamp)
	values (18, 218, 62, "1998-07-19 11:17:41");
insert ignore into eksipiretisi_syntirisis (ypalilos_id, ergasia_id, synt_id, eksypiretisiSyntirisis_timestamp)
	values (18, 218, 63, "2011-07-09 00:57:49");
insert ignore into eksipiretisi_syntirisis (ypalilos_id, ergasia_id, synt_id, eksypiretisiSyntirisis_timestamp)
	values (18, 218, 64, "2011-11-27 02:09:09");
insert ignore into eksipiretisi_syntirisis (ypalilos_id, ergasia_id, synt_id, eksypiretisiSyntirisis_timestamp)
	values (18, 318, 65, "1971-11-29 20:36:39");
insert ignore into eksipiretisi_syntirisis (ypalilos_id, ergasia_id, synt_id, eksypiretisiSyntirisis_timestamp)
	values (18, 318, 66, "1982-05-04 21:55:15");
insert ignore into eksipiretisi_syntirisis (ypalilos_id, ergasia_id, synt_id, eksypiretisiSyntirisis_timestamp)
	values (18, 318, 67, "1989-10-31 09:52:33");
insert ignore into eksipiretisi_syntirisis (ypalilos_id, ergasia_id, synt_id, eksypiretisiSyntirisis_timestamp)
	values (18, 318, 68, "1996-10-16 03:45:31");
insert ignore into eksipiretisi_syntirisis (ypalilos_id, ergasia_id, synt_id, eksypiretisiSyntirisis_timestamp)
	values (18, 318, 69, "2014-10-31 02:36:40");
insert ignore into eksipiretisi_syntirisis (ypalilos_id, ergasia_id, synt_id, eksypiretisiSyntirisis_timestamp)
	values (18, 418, 70, "1991-01-30 03:39:29");
insert ignore into eksipiretisi_syntirisis (ypalilos_id, ergasia_id, synt_id, eksypiretisiSyntirisis_timestamp)
	values (18, 418, 71, "2009-03-24 04:44:16");
insert ignore into eksipiretisi_syntirisis (ypalilos_id, ergasia_id, synt_id, eksypiretisiSyntirisis_timestamp)
	values (18, 418, 72, "2011-05-13 11:32:27");
insert ignore into eksipiretisi_syntirisis (ypalilos_id, ergasia_id, synt_id, eksypiretisiSyntirisis_timestamp)
	values (18, 418, 73, "2016-11-28 22:46:10");
insert ignore into eksipiretisi_syntirisis (ypalilos_id, ergasia_id, synt_id, eksypiretisiSyntirisis_timestamp)
	values (18, 418, 74, "2018-04-30 11:22:25");
insert ignore into eksipiretisi_syntirisis (ypalilos_id, ergasia_id, synt_id, eksypiretisiSyntirisis_timestamp)
	values (18, 518, 75, "1973-05-07 05:50:01");
insert ignore into eksipiretisi_syntirisis (ypalilos_id, ergasia_id, synt_id, eksypiretisiSyntirisis_timestamp)
	values (18, 518, 76, "1977-08-10 17:27:42");
insert ignore into eksipiretisi_syntirisis (ypalilos_id, ergasia_id, synt_id, eksypiretisiSyntirisis_timestamp)
	values (18, 518, 77, "1980-04-19 09:11:50");
insert ignore into eksipiretisi_syntirisis (ypalilos_id, ergasia_id, synt_id, eksypiretisiSyntirisis_timestamp)
	values (18, 518, 78, "1989-01-30 13:44:05");
insert ignore into eksipiretisi_syntirisis (ypalilos_id, ergasia_id, synt_id, eksypiretisiSyntirisis_timestamp)
	values (18, 518, 79, "2010-08-13 21:46:14");
insert ignore into eksipiretisi_syntirisis (ypalilos_id, ergasia_id, synt_id, eksypiretisiSyntirisis_timestamp)
	values (18, 618, 80, "1977-07-31 06:56:46");
insert ignore into eksipiretisi_syntirisis (ypalilos_id, ergasia_id, synt_id, eksypiretisiSyntirisis_timestamp)
	values (18, 618, 81, "1982-09-04 03:30:52");
insert ignore into eksipiretisi_syntirisis (ypalilos_id, ergasia_id, synt_id, eksypiretisiSyntirisis_timestamp)
	values (18, 618, 82, "1999-01-30 18:00:25");
insert ignore into eksipiretisi_syntirisis (ypalilos_id, ergasia_id, synt_id, eksypiretisiSyntirisis_timestamp)
	values (18, 618, 83, "2007-12-24 02:28:16");
insert ignore into eksipiretisi_syntirisis (ypalilos_id, ergasia_id, synt_id, eksypiretisiSyntirisis_timestamp)
	values (18, 618, 84, "2011-04-01 12:22:20");
insert ignore into eksipiretisi_syntirisis (ypalilos_id, ergasia_id, synt_id, eksypiretisiSyntirisis_timestamp)
	values (18, 718, 85, "1975-05-13 18:01:27");
insert ignore into eksipiretisi_syntirisis (ypalilos_id, ergasia_id, synt_id, eksypiretisiSyntirisis_timestamp)
	values (18, 718, 86, "1997-04-12 17:28:26");
insert ignore into eksipiretisi_syntirisis (ypalilos_id, ergasia_id, synt_id, eksypiretisiSyntirisis_timestamp)
	values (18, 718, 87, "2010-06-09 18:36:16");
insert ignore into eksipiretisi_syntirisis (ypalilos_id, ergasia_id, synt_id, eksypiretisiSyntirisis_timestamp)
	values (18, 718, 88, "2013-07-28 00:26:29");
insert ignore into eksipiretisi_syntirisis (ypalilos_id, ergasia_id, synt_id, eksypiretisiSyntirisis_timestamp)
	values (18, 718, 89, "2014-06-03 05:04:54");
insert ignore into eksipiretisi_syntirisis (ypalilos_id, ergasia_id, synt_id, eksypiretisiSyntirisis_timestamp)
	values (18, 818, 90, "1977-12-12 02:58:19");
insert ignore into eksipiretisi_syntirisis (ypalilos_id, ergasia_id, synt_id, eksypiretisiSyntirisis_timestamp)
	values (18, 818, 91, "1977-12-29 12:10:10");
insert ignore into eksipiretisi_syntirisis (ypalilos_id, ergasia_id, synt_id, eksypiretisiSyntirisis_timestamp)
	values (18, 818, 92, "1988-12-14 18:33:56");
insert ignore into eksipiretisi_syntirisis (ypalilos_id, ergasia_id, synt_id, eksypiretisiSyntirisis_timestamp)
	values (18, 818, 93, "1993-10-16 12:14:48");
insert ignore into eksipiretisi_syntirisis (ypalilos_id, ergasia_id, synt_id, eksypiretisiSyntirisis_timestamp)
	values (18, 818, 94, "1994-11-18 10:04:44");
insert ignore into eksipiretisi_syntirisis (ypalilos_id, ergasia_id, synt_id, eksypiretisiSyntirisis_timestamp)
	values (18, 918, 95, "1977-05-19 20:36:18");
insert ignore into eksipiretisi_syntirisis (ypalilos_id, ergasia_id, synt_id, eksypiretisiSyntirisis_timestamp)
	values (18, 918, 96, "1982-11-11 01:01:45");
insert ignore into eksipiretisi_syntirisis (ypalilos_id, ergasia_id, synt_id, eksypiretisiSyntirisis_timestamp)
	values (18, 918, 97, "1983-10-02 05:56:41");
insert ignore into eksipiretisi_syntirisis (ypalilos_id, ergasia_id, synt_id, eksypiretisiSyntirisis_timestamp)
	values (18, 918, 98, "1999-08-21 12:18:30");
insert ignore into eksipiretisi_syntirisis (ypalilos_id, ergasia_id, synt_id, eksypiretisiSyntirisis_timestamp)
	values (18, 918, 99, "2007-05-04 03:50:58");
insert ignore into eksipiretisi_syntirisis (ypalilos_id, ergasia_id, synt_id, eksypiretisiSyntirisis_timestamp)
	values (19, 19, 100, "1974-03-16 05:56:58");
insert ignore into eksipiretisi_syntirisis (ypalilos_id, ergasia_id, synt_id, eksypiretisiSyntirisis_timestamp)
	values (19, 19, 101, "1977-09-05 15:19:21");
insert ignore into eksipiretisi_syntirisis (ypalilos_id, ergasia_id, synt_id, eksypiretisiSyntirisis_timestamp)
	values (19, 19, 102, "1980-04-15 15:38:14");
insert ignore into eksipiretisi_syntirisis (ypalilos_id, ergasia_id, synt_id, eksypiretisiSyntirisis_timestamp)
	values (19, 19, 103, "2008-03-29 07:49:33");
insert ignore into eksipiretisi_syntirisis (ypalilos_id, ergasia_id, synt_id, eksypiretisiSyntirisis_timestamp)
	values (19, 19, 104, "2010-04-17 16:10:37");
insert ignore into eksipiretisi_syntirisis (ypalilos_id, ergasia_id, synt_id, eksypiretisiSyntirisis_timestamp)
	values (19, 119, 105, "1982-01-21 19:55:40");
insert ignore into eksipiretisi_syntirisis (ypalilos_id, ergasia_id, synt_id, eksypiretisiSyntirisis_timestamp)
	values (19, 119, 106, "1985-09-07 23:29:54");
insert ignore into eksipiretisi_syntirisis (ypalilos_id, ergasia_id, synt_id, eksypiretisiSyntirisis_timestamp)
	values (19, 119, 107, "1987-03-22 01:23:13");
insert ignore into eksipiretisi_syntirisis (ypalilos_id, ergasia_id, synt_id, eksypiretisiSyntirisis_timestamp)
	values (19, 119, 108, "2001-01-13 21:44:01");
insert ignore into eksipiretisi_syntirisis (ypalilos_id, ergasia_id, synt_id, eksypiretisiSyntirisis_timestamp)
	values (19, 119, 109, "2016-10-19 22:38:50");
insert ignore into eksipiretisi_syntirisis (ypalilos_id, ergasia_id, synt_id, eksypiretisiSyntirisis_timestamp)
	values (19, 219, 110, "1980-10-04 23:41:21");
insert ignore into eksipiretisi_syntirisis (ypalilos_id, ergasia_id, synt_id, eksypiretisiSyntirisis_timestamp)
	values (19, 219, 111, "1987-04-22 07:42:34");
insert ignore into eksipiretisi_syntirisis (ypalilos_id, ergasia_id, synt_id, eksypiretisiSyntirisis_timestamp)
	values (19, 219, 112, "2002-02-25 05:07:49");
insert ignore into eksipiretisi_syntirisis (ypalilos_id, ergasia_id, synt_id, eksypiretisiSyntirisis_timestamp)
	values (19, 219, 113, "2004-05-26 19:01:42");
insert ignore into eksipiretisi_syntirisis (ypalilos_id, ergasia_id, synt_id, eksypiretisiSyntirisis_timestamp)
	values (19, 219, 114, "2010-09-24 22:10:03");
insert ignore into eksipiretisi_syntirisis (ypalilos_id, ergasia_id, synt_id, eksypiretisiSyntirisis_timestamp)
	values (19, 319, 115, "1976-07-30 10:23:02");
insert ignore into eksipiretisi_syntirisis (ypalilos_id, ergasia_id, synt_id, eksypiretisiSyntirisis_timestamp)
	values (19, 319, 116, "1983-07-23 17:58:40");
insert ignore into eksipiretisi_syntirisis (ypalilos_id, ergasia_id, synt_id, eksypiretisiSyntirisis_timestamp)
	values (19, 319, 117, "2001-09-16 09:56:27");
insert ignore into eksipiretisi_syntirisis (ypalilos_id, ergasia_id, synt_id, eksypiretisiSyntirisis_timestamp)
	values (19, 319, 118, "2002-08-19 08:16:19");
insert ignore into eksipiretisi_syntirisis (ypalilos_id, ergasia_id, synt_id, eksypiretisiSyntirisis_timestamp)
	values (19, 319, 119, "2015-07-10 00:21:29");
insert ignore into eksipiretisi_syntirisis (ypalilos_id, ergasia_id, synt_id, eksypiretisiSyntirisis_timestamp)
	values (19, 419, 120, "1976-05-27 03:04:19");
insert ignore into eksipiretisi_syntirisis (ypalilos_id, ergasia_id, synt_id, eksypiretisiSyntirisis_timestamp)
	values (19, 419, 121, "1980-05-13 19:54:38");
insert ignore into eksipiretisi_syntirisis (ypalilos_id, ergasia_id, synt_id, eksypiretisiSyntirisis_timestamp)
	values (19, 419, 122, "1981-11-03 23:08:14");
insert ignore into eksipiretisi_syntirisis (ypalilos_id, ergasia_id, synt_id, eksypiretisiSyntirisis_timestamp)
	values (19, 419, 123, "2009-02-06 00:04:42");
insert ignore into eksipiretisi_syntirisis (ypalilos_id, ergasia_id, synt_id, eksypiretisiSyntirisis_timestamp)
	values (19, 419, 124, "2013-04-22 15:49:04");
insert ignore into eksipiretisi_syntirisis (ypalilos_id, ergasia_id, synt_id, eksypiretisiSyntirisis_timestamp)
	values (19, 519, 125, "1972-08-11 15:46:34");
insert ignore into eksipiretisi_syntirisis (ypalilos_id, ergasia_id, synt_id, eksypiretisiSyntirisis_timestamp)
	values (19, 519, 126, "1992-10-14 14:39:50");
insert ignore into eksipiretisi_syntirisis (ypalilos_id, ergasia_id, synt_id, eksypiretisiSyntirisis_timestamp)
	values (19, 519, 127, "1993-09-27 05:14:12");
insert ignore into eksipiretisi_syntirisis (ypalilos_id, ergasia_id, synt_id, eksypiretisiSyntirisis_timestamp)
	values (19, 519, 128, "2000-09-21 22:13:50");
insert ignore into eksipiretisi_syntirisis (ypalilos_id, ergasia_id, synt_id, eksypiretisiSyntirisis_timestamp)
	values (19, 519, 129, "2011-11-21 12:21:22");
insert ignore into eksipiretisi_syntirisis (ypalilos_id, ergasia_id, synt_id, eksypiretisiSyntirisis_timestamp)
	values (19, 619, 130, "1970-12-16 21:27:18");
insert ignore into eksipiretisi_syntirisis (ypalilos_id, ergasia_id, synt_id, eksypiretisiSyntirisis_timestamp)
	values (19, 619, 131, "1971-10-20 14:39:35");
insert ignore into eksipiretisi_syntirisis (ypalilos_id, ergasia_id, synt_id, eksypiretisiSyntirisis_timestamp)
	values (19, 619, 132, "1983-08-22 02:19:14");
insert ignore into eksipiretisi_syntirisis (ypalilos_id, ergasia_id, synt_id, eksypiretisiSyntirisis_timestamp)
	values (19, 619, 133, "1989-12-28 15:44:56");
insert ignore into eksipiretisi_syntirisis (ypalilos_id, ergasia_id, synt_id, eksypiretisiSyntirisis_timestamp)
	values (19, 619, 134, "2016-02-06 19:51:17");
insert ignore into eksipiretisi_syntirisis (ypalilos_id, ergasia_id, synt_id, eksypiretisiSyntirisis_timestamp)
	values (19, 719, 135, "1972-05-14 07:23:45");
insert ignore into eksipiretisi_syntirisis (ypalilos_id, ergasia_id, synt_id, eksypiretisiSyntirisis_timestamp)
	values (19, 719, 136, "1992-09-08 17:15:27");
insert ignore into eksipiretisi_syntirisis (ypalilos_id, ergasia_id, synt_id, eksypiretisiSyntirisis_timestamp)
	values (19, 719, 137, "2000-05-19 03:40:35");
insert ignore into eksipiretisi_syntirisis (ypalilos_id, ergasia_id, synt_id, eksypiretisiSyntirisis_timestamp)
	values (19, 719, 138, "2008-04-24 20:04:32");
insert ignore into eksipiretisi_syntirisis (ypalilos_id, ergasia_id, synt_id, eksypiretisiSyntirisis_timestamp)
	values (19, 719, 139, "2013-12-25 17:06:29");
insert ignore into eksipiretisi_syntirisis (ypalilos_id, ergasia_id, synt_id, eksypiretisiSyntirisis_timestamp)
	values (19, 819, 140, "1973-10-10 16:13:32");
insert ignore into eksipiretisi_syntirisis (ypalilos_id, ergasia_id, synt_id, eksypiretisiSyntirisis_timestamp)
	values (19, 819, 141, "1982-01-31 06:48:38");
insert ignore into eksipiretisi_syntirisis (ypalilos_id, ergasia_id, synt_id, eksypiretisiSyntirisis_timestamp)
	values (19, 819, 142, "1994-03-09 04:44:28");
insert ignore into eksipiretisi_syntirisis (ypalilos_id, ergasia_id, synt_id, eksypiretisiSyntirisis_timestamp)
	values (19, 819, 143, "1995-07-28 20:15:17");
insert ignore into eksipiretisi_syntirisis (ypalilos_id, ergasia_id, synt_id, eksypiretisiSyntirisis_timestamp)
	values (19, 819, 144, "2004-09-28 01:44:51");
insert ignore into eksipiretisi_syntirisis (ypalilos_id, ergasia_id, synt_id, eksypiretisiSyntirisis_timestamp)
	values (19, 919, 145, "1977-12-15 20:34:50");
insert ignore into eksipiretisi_syntirisis (ypalilos_id, ergasia_id, synt_id, eksypiretisiSyntirisis_timestamp)
	values (19, 919, 146, "1982-08-10 16:46:27");
insert ignore into eksipiretisi_syntirisis (ypalilos_id, ergasia_id, synt_id, eksypiretisiSyntirisis_timestamp)
	values (19, 919, 147, "1987-03-03 10:19:24");
insert ignore into eksipiretisi_syntirisis (ypalilos_id, ergasia_id, synt_id, eksypiretisiSyntirisis_timestamp)
	values (19, 919, 148, "2012-05-31 10:40:57");
insert ignore into eksipiretisi_syntirisis (ypalilos_id, ergasia_id, synt_id, eksypiretisiSyntirisis_timestamp)
	values (19, 919, 149, "2017-05-06 03:17:48");
insert ignore into eksipiretisi_syntirisis (ypalilos_id, ergasia_id, synt_id, eksypiretisiSyntirisis_timestamp)
	values (15, 40, 150, "1989-05-21 16:39:22");
insert ignore into eksipiretisi_syntirisis (ypalilos_id, ergasia_id, synt_id, eksypiretisiSyntirisis_timestamp)
	values (15, 40, 151, "1999-12-09 12:53:46");
insert ignore into eksipiretisi_syntirisis (ypalilos_id, ergasia_id, synt_id, eksypiretisiSyntirisis_timestamp)
	values (15, 40, 152, "2000-11-25 00:59:49");
insert ignore into eksipiretisi_syntirisis (ypalilos_id, ergasia_id, synt_id, eksypiretisiSyntirisis_timestamp)
	values (15, 40, 153, "2005-12-06 07:33:37");
insert ignore into eksipiretisi_syntirisis (ypalilos_id, ergasia_id, synt_id, eksypiretisiSyntirisis_timestamp)
	values (15, 40, 154, "2010-01-28 09:56:09");
insert ignore into eksipiretisi_syntirisis (ypalilos_id, ergasia_id, synt_id, eksypiretisiSyntirisis_timestamp)
	values (15, 140, 155, "1970-10-29 11:50:17");
insert ignore into eksipiretisi_syntirisis (ypalilos_id, ergasia_id, synt_id, eksypiretisiSyntirisis_timestamp)
	values (15, 140, 156, "1981-08-01 07:34:08");
insert ignore into eksipiretisi_syntirisis (ypalilos_id, ergasia_id, synt_id, eksypiretisiSyntirisis_timestamp)
	values (15, 140, 157, "2002-03-04 16:15:21");
insert ignore into eksipiretisi_syntirisis (ypalilos_id, ergasia_id, synt_id, eksypiretisiSyntirisis_timestamp)
	values (15, 140, 158, "2004-03-20 15:14:14");
insert ignore into eksipiretisi_syntirisis (ypalilos_id, ergasia_id, synt_id, eksypiretisiSyntirisis_timestamp)
	values (15, 140, 159, "2017-02-21 12:10:33");
insert ignore into eksipiretisi_syntirisis (ypalilos_id, ergasia_id, synt_id, eksypiretisiSyntirisis_timestamp)
	values (15, 240, 160, "1990-04-13 21:14:07");
insert ignore into eksipiretisi_syntirisis (ypalilos_id, ergasia_id, synt_id, eksypiretisiSyntirisis_timestamp)
	values (15, 240, 161, "1996-04-21 07:21:42");
insert ignore into eksipiretisi_syntirisis (ypalilos_id, ergasia_id, synt_id, eksypiretisiSyntirisis_timestamp)
	values (15, 240, 162, "2002-07-19 02:08:19");
insert ignore into eksipiretisi_syntirisis (ypalilos_id, ergasia_id, synt_id, eksypiretisiSyntirisis_timestamp)
	values (15, 240, 163, "2004-07-15 00:55:52");
insert ignore into eksipiretisi_syntirisis (ypalilos_id, ergasia_id, synt_id, eksypiretisiSyntirisis_timestamp)
	values (15, 240, 164, "2008-09-04 03:11:10");
insert ignore into eksipiretisi_syntirisis (ypalilos_id, ergasia_id, synt_id, eksypiretisiSyntirisis_timestamp)
	values (15, 340, 165, "1979-10-19 05:04:52");
insert ignore into eksipiretisi_syntirisis (ypalilos_id, ergasia_id, synt_id, eksypiretisiSyntirisis_timestamp)
	values (15, 340, 166, "1979-10-22 01:27:39");
insert ignore into eksipiretisi_syntirisis (ypalilos_id, ergasia_id, synt_id, eksypiretisiSyntirisis_timestamp)
	values (15, 340, 167, "1993-12-30 14:33:32");
insert ignore into eksipiretisi_syntirisis (ypalilos_id, ergasia_id, synt_id, eksypiretisiSyntirisis_timestamp)
	values (15, 340, 168, "1995-06-07 04:57:15");
insert ignore into eksipiretisi_syntirisis (ypalilos_id, ergasia_id, synt_id, eksypiretisiSyntirisis_timestamp)
	values (15, 340, 169, "2002-04-21 19:12:54");
insert ignore into eksipiretisi_syntirisis (ypalilos_id, ergasia_id, synt_id, eksypiretisiSyntirisis_timestamp)
	values (15, 440, 170, "1975-05-12 13:24:54");
insert ignore into eksipiretisi_syntirisis (ypalilos_id, ergasia_id, synt_id, eksypiretisiSyntirisis_timestamp)
	values (15, 440, 171, "1982-08-07 21:46:31");
insert ignore into eksipiretisi_syntirisis (ypalilos_id, ergasia_id, synt_id, eksypiretisiSyntirisis_timestamp)
	values (15, 440, 172, "2013-07-27 22:03:09");
insert ignore into eksipiretisi_syntirisis (ypalilos_id, ergasia_id, synt_id, eksypiretisiSyntirisis_timestamp)
	values (15, 440, 173, "2017-09-13 14:41:52");
insert ignore into eksipiretisi_syntirisis (ypalilos_id, ergasia_id, synt_id, eksypiretisiSyntirisis_timestamp)
	values (15, 440, 174, "2017-11-12 18:22:26");
insert ignore into eksipiretisi_syntirisis (ypalilos_id, ergasia_id, synt_id, eksypiretisiSyntirisis_timestamp)
	values (15, 540, 175, "1970-01-13 01:26:37");
insert ignore into eksipiretisi_syntirisis (ypalilos_id, ergasia_id, synt_id, eksypiretisiSyntirisis_timestamp)
	values (15, 540, 176, "1976-10-13 01:26:36");
insert ignore into eksipiretisi_syntirisis (ypalilos_id, ergasia_id, synt_id, eksypiretisiSyntirisis_timestamp)
	values (15, 540, 177, "1977-04-24 19:10:30");
insert ignore into eksipiretisi_syntirisis (ypalilos_id, ergasia_id, synt_id, eksypiretisiSyntirisis_timestamp)
	values (15, 540, 178, "1989-07-05 15:33:08");
insert ignore into eksipiretisi_syntirisis (ypalilos_id, ergasia_id, synt_id, eksypiretisiSyntirisis_timestamp)
	values (15, 540, 179, "1990-12-24 13:56:51");
insert ignore into eksipiretisi_syntirisis (ypalilos_id, ergasia_id, synt_id, eksypiretisiSyntirisis_timestamp)
	values (15, 640, 180, "1979-09-02 22:35:07");
insert ignore into eksipiretisi_syntirisis (ypalilos_id, ergasia_id, synt_id, eksypiretisiSyntirisis_timestamp)
	values (15, 640, 181, "2004-01-04 06:18:12");
insert ignore into eksipiretisi_syntirisis (ypalilos_id, ergasia_id, synt_id, eksypiretisiSyntirisis_timestamp)
	values (15, 640, 182, "2009-09-22 11:50:07");
insert ignore into eksipiretisi_syntirisis (ypalilos_id, ergasia_id, synt_id, eksypiretisiSyntirisis_timestamp)
	values (15, 640, 183, "2017-09-24 23:41:02");
insert ignore into eksipiretisi_syntirisis (ypalilos_id, ergasia_id, synt_id, eksypiretisiSyntirisis_timestamp)
	values (15, 640, 184, "2018-03-05 22:47:39");
insert ignore into eksipiretisi_syntirisis (ypalilos_id, ergasia_id, synt_id, eksypiretisiSyntirisis_timestamp)
	values (15, 740, 185, "1976-11-15 17:19:41");
insert ignore into eksipiretisi_syntirisis (ypalilos_id, ergasia_id, synt_id, eksypiretisiSyntirisis_timestamp)
	values (15, 740, 186, "1984-07-16 12:56:35");
insert ignore into eksipiretisi_syntirisis (ypalilos_id, ergasia_id, synt_id, eksypiretisiSyntirisis_timestamp)
	values (15, 740, 187, "2007-08-01 00:06:24");
insert ignore into eksipiretisi_syntirisis (ypalilos_id, ergasia_id, synt_id, eksypiretisiSyntirisis_timestamp)
	values (15, 740, 188, "2010-04-08 22:38:39");
insert ignore into eksipiretisi_syntirisis (ypalilos_id, ergasia_id, synt_id, eksypiretisiSyntirisis_timestamp)
	values (15, 740, 189, "2010-11-25 09:22:23");
insert ignore into eksipiretisi_syntirisis (ypalilos_id, ergasia_id, synt_id, eksypiretisiSyntirisis_timestamp)
	values (15, 840, 190, "1973-05-26 03:32:21");
insert ignore into eksipiretisi_syntirisis (ypalilos_id, ergasia_id, synt_id, eksypiretisiSyntirisis_timestamp)
	values (15, 840, 191, "1986-02-28 11:49:42");
insert ignore into eksipiretisi_syntirisis (ypalilos_id, ergasia_id, synt_id, eksypiretisiSyntirisis_timestamp)
	values (15, 840, 192, "1986-12-08 07:54:18");
insert ignore into eksipiretisi_syntirisis (ypalilos_id, ergasia_id, synt_id, eksypiretisiSyntirisis_timestamp)
	values (15, 840, 193, "1996-10-29 22:25:28");
insert ignore into eksipiretisi_syntirisis (ypalilos_id, ergasia_id, synt_id, eksypiretisiSyntirisis_timestamp)
	values (15, 840, 194, "2011-04-07 19:23:41");
insert ignore into eksipiretisi_syntirisis (ypalilos_id, ergasia_id, synt_id, eksypiretisiSyntirisis_timestamp)
	values (15, 940, 195, "1974-11-03 01:11:35");
insert ignore into eksipiretisi_syntirisis (ypalilos_id, ergasia_id, synt_id, eksypiretisiSyntirisis_timestamp)
	values (15, 940, 196, "1982-05-14 05:51:35");
insert ignore into eksipiretisi_syntirisis (ypalilos_id, ergasia_id, synt_id, eksypiretisiSyntirisis_timestamp)
	values (15, 940, 197, "1984-11-17 21:37:07");
insert ignore into eksipiretisi_syntirisis (ypalilos_id, ergasia_id, synt_id, eksypiretisiSyntirisis_timestamp)
	values (15, 940, 198, "2008-04-30 10:22:31");
insert ignore into eksipiretisi_syntirisis (ypalilos_id, ergasia_id, synt_id, eksypiretisiSyntirisis_timestamp)
	values (15, 940, 199, "2012-11-19 04:53:02");
insert ignore into eksipiretisi_syntirisis (ypalilos_id, ergasia_id, synt_id, eksypiretisiSyntirisis_timestamp)
	values (14, 64, 200, "1990-03-02 06:39:33");
insert ignore into eksipiretisi_syntirisis (ypalilos_id, ergasia_id, synt_id, eksypiretisiSyntirisis_timestamp)
	values (14, 64, 201, "1993-04-26 06:46:31");
insert ignore into eksipiretisi_syntirisis (ypalilos_id, ergasia_id, synt_id, eksypiretisiSyntirisis_timestamp)
	values (14, 64, 202, "1999-03-08 17:32:14");
insert ignore into eksipiretisi_syntirisis (ypalilos_id, ergasia_id, synt_id, eksypiretisiSyntirisis_timestamp)
	values (14, 64, 203, "2016-05-22 16:55:35");
insert ignore into eksipiretisi_syntirisis (ypalilos_id, ergasia_id, synt_id, eksypiretisiSyntirisis_timestamp)
	values (14, 64, 204, "2016-07-09 23:35:13");
insert ignore into eksipiretisi_syntirisis (ypalilos_id, ergasia_id, synt_id, eksypiretisiSyntirisis_timestamp)
	values (14, 164, 205, "1987-10-30 16:16:03");
insert ignore into eksipiretisi_syntirisis (ypalilos_id, ergasia_id, synt_id, eksypiretisiSyntirisis_timestamp)
	values (14, 164, 206, "2007-05-16 01:44:24");
insert ignore into eksipiretisi_syntirisis (ypalilos_id, ergasia_id, synt_id, eksypiretisiSyntirisis_timestamp)
	values (14, 164, 207, "2011-11-06 03:51:23");
insert ignore into eksipiretisi_syntirisis (ypalilos_id, ergasia_id, synt_id, eksypiretisiSyntirisis_timestamp)
	values (14, 164, 208, "2013-07-01 17:31:34");
insert ignore into eksipiretisi_syntirisis (ypalilos_id, ergasia_id, synt_id, eksypiretisiSyntirisis_timestamp)
	values (14, 164, 209, "2016-09-07 15:18:06");
insert ignore into eksipiretisi_syntirisis (ypalilos_id, ergasia_id, synt_id, eksypiretisiSyntirisis_timestamp)
	values (14, 264, 210, "1976-05-30 09:43:14");
insert ignore into eksipiretisi_syntirisis (ypalilos_id, ergasia_id, synt_id, eksypiretisiSyntirisis_timestamp)
	values (14, 264, 211, "1978-08-08 03:00:28");
insert ignore into eksipiretisi_syntirisis (ypalilos_id, ergasia_id, synt_id, eksypiretisiSyntirisis_timestamp)
	values (14, 264, 212, "1985-03-12 06:21:22");
insert ignore into eksipiretisi_syntirisis (ypalilos_id, ergasia_id, synt_id, eksypiretisiSyntirisis_timestamp)
	values (14, 264, 213, "1999-11-14 01:48:18");
insert ignore into eksipiretisi_syntirisis (ypalilos_id, ergasia_id, synt_id, eksypiretisiSyntirisis_timestamp)
	values (14, 264, 214, "2007-04-18 01:23:22");
insert ignore into eksipiretisi_syntirisis (ypalilos_id, ergasia_id, synt_id, eksypiretisiSyntirisis_timestamp)
	values (14, 364, 215, "1971-02-17 23:20:47");
insert ignore into eksipiretisi_syntirisis (ypalilos_id, ergasia_id, synt_id, eksypiretisiSyntirisis_timestamp)
	values (14, 364, 216, "1980-01-28 20:27:32");
insert ignore into eksipiretisi_syntirisis (ypalilos_id, ergasia_id, synt_id, eksypiretisiSyntirisis_timestamp)
	values (14, 364, 217, "1989-05-12 05:08:31");
insert ignore into eksipiretisi_syntirisis (ypalilos_id, ergasia_id, synt_id, eksypiretisiSyntirisis_timestamp)
	values (14, 364, 218, "2000-01-12 18:32:39");
insert ignore into eksipiretisi_syntirisis (ypalilos_id, ergasia_id, synt_id, eksypiretisiSyntirisis_timestamp)
	values (14, 364, 219, "2008-08-21 13:13:25");
insert ignore into eksipiretisi_syntirisis (ypalilos_id, ergasia_id, synt_id, eksypiretisiSyntirisis_timestamp)
	values (14, 464, 220, "1973-02-04 12:24:32");
insert ignore into eksipiretisi_syntirisis (ypalilos_id, ergasia_id, synt_id, eksypiretisiSyntirisis_timestamp)
	values (14, 464, 221, "1973-08-19 17:27:40");
insert ignore into eksipiretisi_syntirisis (ypalilos_id, ergasia_id, synt_id, eksypiretisiSyntirisis_timestamp)
	values (14, 464, 222, "1989-02-12 17:18:55");
insert ignore into eksipiretisi_syntirisis (ypalilos_id, ergasia_id, synt_id, eksypiretisiSyntirisis_timestamp)
	values (14, 464, 223, "2016-03-30 17:23:52");
insert ignore into eksipiretisi_syntirisis (ypalilos_id, ergasia_id, synt_id, eksypiretisiSyntirisis_timestamp)
	values (14, 464, 224, "2018-06-06 13:10:25");
insert ignore into eksipiretisi_syntirisis (ypalilos_id, ergasia_id, synt_id, eksypiretisiSyntirisis_timestamp)
	values (14, 564, 225, "1979-06-22 22:25:07");
insert ignore into eksipiretisi_syntirisis (ypalilos_id, ergasia_id, synt_id, eksypiretisiSyntirisis_timestamp)
	values (14, 564, 226, "1984-08-25 06:44:31");
insert ignore into eksipiretisi_syntirisis (ypalilos_id, ergasia_id, synt_id, eksypiretisiSyntirisis_timestamp)
	values (14, 564, 227, "1987-07-04 16:50:29");
insert ignore into eksipiretisi_syntirisis (ypalilos_id, ergasia_id, synt_id, eksypiretisiSyntirisis_timestamp)
	values (14, 564, 228, "2007-03-31 15:33:19");
insert ignore into eksipiretisi_syntirisis (ypalilos_id, ergasia_id, synt_id, eksypiretisiSyntirisis_timestamp)
	values (14, 564, 229, "2016-09-02 03:47:12");
insert ignore into eksipiretisi_syntirisis (ypalilos_id, ergasia_id, synt_id, eksypiretisiSyntirisis_timestamp)
	values (14, 664, 230, "1977-02-13 18:19:46");
insert ignore into eksipiretisi_syntirisis (ypalilos_id, ergasia_id, synt_id, eksypiretisiSyntirisis_timestamp)
	values (14, 664, 231, "1989-03-22 10:22:55");
insert ignore into eksipiretisi_syntirisis (ypalilos_id, ergasia_id, synt_id, eksypiretisiSyntirisis_timestamp)
	values (14, 664, 232, "2014-11-28 05:48:00");
insert ignore into eksipiretisi_syntirisis (ypalilos_id, ergasia_id, synt_id, eksypiretisiSyntirisis_timestamp)
	values (14, 664, 233, "2015-07-20 18:27:26");
insert ignore into eksipiretisi_syntirisis (ypalilos_id, ergasia_id, synt_id, eksypiretisiSyntirisis_timestamp)
	values (14, 664, 234, "2016-07-31 00:33:08");
insert ignore into eksipiretisi_syntirisis (ypalilos_id, ergasia_id, synt_id, eksypiretisiSyntirisis_timestamp)
	values (14, 764, 235, "1976-11-17 17:41:40");
insert ignore into eksipiretisi_syntirisis (ypalilos_id, ergasia_id, synt_id, eksypiretisiSyntirisis_timestamp)
	values (14, 764, 236, "2004-07-09 01:26:45");
insert ignore into eksipiretisi_syntirisis (ypalilos_id, ergasia_id, synt_id, eksypiretisiSyntirisis_timestamp)
	values (14, 764, 237, "2008-12-15 02:33:35");
insert ignore into eksipiretisi_syntirisis (ypalilos_id, ergasia_id, synt_id, eksypiretisiSyntirisis_timestamp)
	values (14, 764, 238, "2015-04-16 01:32:09");
insert ignore into eksipiretisi_syntirisis (ypalilos_id, ergasia_id, synt_id, eksypiretisiSyntirisis_timestamp)
	values (14, 764, 239, "2015-09-19 23:50:25");
insert ignore into eksipiretisi_syntirisis (ypalilos_id, ergasia_id, synt_id, eksypiretisiSyntirisis_timestamp)
	values (14, 864, 240, "1973-07-16 23:57:16");
insert ignore into eksipiretisi_syntirisis (ypalilos_id, ergasia_id, synt_id, eksypiretisiSyntirisis_timestamp)
	values (14, 864, 241, "1974-06-25 20:34:05");
insert ignore into eksipiretisi_syntirisis (ypalilos_id, ergasia_id, synt_id, eksypiretisiSyntirisis_timestamp)
	values (14, 864, 242, "1999-08-08 21:45:58");
insert ignore into eksipiretisi_syntirisis (ypalilos_id, ergasia_id, synt_id, eksypiretisiSyntirisis_timestamp)
	values (14, 864, 243, "2008-10-20 04:44:00");
insert ignore into eksipiretisi_syntirisis (ypalilos_id, ergasia_id, synt_id, eksypiretisiSyntirisis_timestamp)
	values (14, 864, 244, "2017-03-10 11:44:47");
insert ignore into eksipiretisi_syntirisis (ypalilos_id, ergasia_id, synt_id, eksypiretisiSyntirisis_timestamp)
	values (14, 964, 245, "1973-08-19 09:30:37");
insert ignore into eksipiretisi_syntirisis (ypalilos_id, ergasia_id, synt_id, eksypiretisiSyntirisis_timestamp)
	values (14, 964, 246, "1978-07-23 05:19:04");
insert ignore into eksipiretisi_syntirisis (ypalilos_id, ergasia_id, synt_id, eksypiretisiSyntirisis_timestamp)
	values (14, 964, 247, "1991-07-02 15:17:05");
insert ignore into eksipiretisi_syntirisis (ypalilos_id, ergasia_id, synt_id, eksypiretisiSyntirisis_timestamp)
	values (14, 964, 248, "2004-01-04 06:49:25");
insert ignore into eksipiretisi_syntirisis (ypalilos_id, ergasia_id, synt_id, eksypiretisiSyntirisis_timestamp)
	values (14, 964, 249, "2014-07-24 20:21:00");
insert ignore into programma_syntirisis (ergasia_id, montelo_id)
	values (6, 6);
insert ignore into programma_syntirisis (ergasia_id, montelo_id)
	values (106, 6);
insert ignore into programma_syntirisis (ergasia_id, montelo_id)
	values (206, 6);
insert ignore into programma_syntirisis (ergasia_id, montelo_id)
	values (306, 6);
insert ignore into programma_syntirisis (ergasia_id, montelo_id)
	values (406, 6);
insert ignore into programma_syntirisis (ergasia_id, montelo_id)
	values (506, 6);
insert ignore into programma_syntirisis (ergasia_id, montelo_id)
	values (606, 6);
insert ignore into programma_syntirisis (ergasia_id, montelo_id)
	values (706, 6);
insert ignore into programma_syntirisis (ergasia_id, montelo_id)
	values (806, 6);
insert ignore into programma_syntirisis (ergasia_id, montelo_id)
	values (906, 6);
insert ignore into programma_syntirisis (ergasia_id, montelo_id)
	values (18, 18);
insert ignore into programma_syntirisis (ergasia_id, montelo_id)
	values (118, 18);
insert ignore into programma_syntirisis (ergasia_id, montelo_id)
	values (218, 18);
insert ignore into programma_syntirisis (ergasia_id, montelo_id)
	values (318, 18);
insert ignore into programma_syntirisis (ergasia_id, montelo_id)
	values (418, 18);
insert ignore into programma_syntirisis (ergasia_id, montelo_id)
	values (518, 18);
insert ignore into programma_syntirisis (ergasia_id, montelo_id)
	values (618, 18);
insert ignore into programma_syntirisis (ergasia_id, montelo_id)
	values (718, 18);
insert ignore into programma_syntirisis (ergasia_id, montelo_id)
	values (818, 18);
insert ignore into programma_syntirisis (ergasia_id, montelo_id)
	values (918, 18);
insert ignore into programma_syntirisis (ergasia_id, montelo_id)
	values (19, 19);
insert ignore into programma_syntirisis (ergasia_id, montelo_id)
	values (119, 19);
insert ignore into programma_syntirisis (ergasia_id, montelo_id)
	values (219, 19);
insert ignore into programma_syntirisis (ergasia_id, montelo_id)
	values (319, 19);
insert ignore into programma_syntirisis (ergasia_id, montelo_id)
	values (419, 19);
insert ignore into programma_syntirisis (ergasia_id, montelo_id)
	values (519, 19);
insert ignore into programma_syntirisis (ergasia_id, montelo_id)
	values (619, 19);
insert ignore into programma_syntirisis (ergasia_id, montelo_id)
	values (719, 19);
insert ignore into programma_syntirisis (ergasia_id, montelo_id)
	values (819, 19);
insert ignore into programma_syntirisis (ergasia_id, montelo_id)
	values (919, 19);
insert ignore into programma_syntirisis (ergasia_id, montelo_id)
	values (40, 40);
insert ignore into programma_syntirisis (ergasia_id, montelo_id)
	values (140, 40);
insert ignore into programma_syntirisis (ergasia_id, montelo_id)
	values (240, 40);
insert ignore into programma_syntirisis (ergasia_id, montelo_id)
	values (340, 40);
insert ignore into programma_syntirisis (ergasia_id, montelo_id)
	values (440, 40);
insert ignore into programma_syntirisis (ergasia_id, montelo_id)
	values (540, 40);
insert ignore into programma_syntirisis (ergasia_id, montelo_id)
	values (640, 40);
insert ignore into programma_syntirisis (ergasia_id, montelo_id)
	values (740, 40);
insert ignore into programma_syntirisis (ergasia_id, montelo_id)
	values (840, 40);
insert ignore into programma_syntirisis (ergasia_id, montelo_id)
	values (940, 40);
insert ignore into programma_syntirisis (ergasia_id, montelo_id)
	values (64, 64);
insert ignore into programma_syntirisis (ergasia_id, montelo_id)
	values (164, 64);
insert ignore into programma_syntirisis (ergasia_id, montelo_id)
	values (264, 64);
insert ignore into programma_syntirisis (ergasia_id, montelo_id)
	values (364, 64);
insert ignore into programma_syntirisis (ergasia_id, montelo_id)
	values (464, 64);
insert ignore into programma_syntirisis (ergasia_id, montelo_id)
	values (564, 64);
insert ignore into programma_syntirisis (ergasia_id, montelo_id)
	values (664, 64);
insert ignore into programma_syntirisis (ergasia_id, montelo_id)
	values (764, 64);
insert ignore into programma_syntirisis (ergasia_id, montelo_id)
	values (864, 64);
insert ignore into programma_syntirisis (ergasia_id, montelo_id)
	values (964, 64);
