insert ignore into pelatis (pelatis_id, pelatis_Eponymo)
	values (364, "Davis");
insert ignore into pelatis (pelatis_id, pelatis_Eponymo)
	values (340, "Lubowitz");
insert ignore into pelatis (pelatis_id, pelatis_Eponymo)
	values (318, "Schultz");
insert ignore into pelatis (pelatis_id, pelatis_Eponymo)
	values (419, "Harber");
insert ignore into pelatis (pelatis_id, pelatis_Eponymo)
	values (106, "Yundt");
insert ignore into montelo (montelo_id, montelo_marka, montelo_typos, montelo_etos, montelo_kubismos)
	values (64, "qui", "consequatur", 1998, 1838);
insert ignore into montelo (montelo_id, montelo_marka, montelo_typos, montelo_etos, montelo_kubismos)
	values (40, "qui", "iusto", 2015, 1225);
insert ignore into montelo (montelo_id, montelo_marka, montelo_typos, montelo_etos, montelo_kubismos)
	values (18, "vitae", "illum", 2015, 1973);
insert ignore into montelo (montelo_id, montelo_marka, montelo_typos, montelo_etos, montelo_kubismos)
	values (19, "ut", "at", 1980, 1684);
insert ignore into montelo (montelo_id, montelo_marka, montelo_typos, montelo_etos, montelo_kubismos)
	values (6, "voluptatem", "voluptatum", 1982, 1543);
insert ignore into autokinito (autokinito_id, autokinito_arithmosKykloforias, montelo_id, pelatis_id)
	values (864, "rcw6973", 64, 364);
insert ignore into autokinito (autokinito_id, autokinito_arithmosKykloforias, montelo_id, pelatis_id)
	values (340, "cvi2168", 40, 340);
insert ignore into autokinito (autokinito_id, autokinito_arithmosKykloforias, montelo_id, pelatis_id)
	values (1818, "wpl3570", 18, 318);
insert ignore into autokinito (autokinito_id, autokinito_arithmosKykloforias, montelo_id, pelatis_id)
	values (419, "ifx5385", 19, 419);
insert ignore into autokinito (autokinito_id, autokinito_arithmosKykloforias, montelo_id, pelatis_id)
	values (606, "aei7832", 6, 106);
insert ignore into autokinito (autokinito_id, autokinito_arithmosKykloforias, montelo_id, pelatis_id)
	values (6, null, 6, null);
insert ignore into autokinito (autokinito_id, autokinito_arithmosKykloforias, montelo_id, pelatis_id)
	values (106, null, 6, null);
insert ignore into autokinito (autokinito_id, autokinito_arithmosKykloforias, montelo_id, pelatis_id)
	values (206, null, 6, null);
insert ignore into autokinito (autokinito_id, autokinito_arithmosKykloforias, montelo_id, pelatis_id)
	values (306, null, 6, null);
insert ignore into autokinito (autokinito_id, autokinito_arithmosKykloforias, montelo_id, pelatis_id)
	values (406, null, 6, null);
insert ignore into autokinito (autokinito_id, autokinito_arithmosKykloforias, montelo_id, pelatis_id)
	values (506, null, 6, null);
insert ignore into autokinito (autokinito_id, autokinito_arithmosKykloforias, montelo_id, pelatis_id)
	values (706, null, 6, null);
insert ignore into autokinito (autokinito_id, autokinito_arithmosKykloforias, montelo_id, pelatis_id)
	values (806, null, 6, null);
insert ignore into autokinito (autokinito_id, autokinito_arithmosKykloforias, montelo_id, pelatis_id)
	values (906, null, 6, null);
insert ignore into autokinito (autokinito_id, autokinito_arithmosKykloforias, montelo_id, pelatis_id)
	values (18, null, 18, null);
insert ignore into autokinito (autokinito_id, autokinito_arithmosKykloforias, montelo_id, pelatis_id)
	values (118, null, 18, null);
insert ignore into autokinito (autokinito_id, autokinito_arithmosKykloforias, montelo_id, pelatis_id)
	values (218, null, 18, null);
insert ignore into autokinito (autokinito_id, autokinito_arithmosKykloforias, montelo_id, pelatis_id)
	values (318, null, 18, null);
insert ignore into autokinito (autokinito_id, autokinito_arithmosKykloforias, montelo_id, pelatis_id)
	values (418, null, 18, null);
insert ignore into autokinito (autokinito_id, autokinito_arithmosKykloforias, montelo_id, pelatis_id)
	values (518, null, 18, null);
insert ignore into autokinito (autokinito_id, autokinito_arithmosKykloforias, montelo_id, pelatis_id)
	values (618, null, 18, null);
insert ignore into autokinito (autokinito_id, autokinito_arithmosKykloforias, montelo_id, pelatis_id)
	values (718, null, 18, null);
insert ignore into autokinito (autokinito_id, autokinito_arithmosKykloforias, montelo_id, pelatis_id)
	values (818, null, 18, null);
insert ignore into autokinito (autokinito_id, autokinito_arithmosKykloforias, montelo_id, pelatis_id)
	values (918, null, 18, null);
insert ignore into autokinito (autokinito_id, autokinito_arithmosKykloforias, montelo_id, pelatis_id)
	values (19, null, 19, null);
insert ignore into autokinito (autokinito_id, autokinito_arithmosKykloforias, montelo_id, pelatis_id)
	values (119, null, 19, null);
insert ignore into autokinito (autokinito_id, autokinito_arithmosKykloforias, montelo_id, pelatis_id)
	values (219, null, 19, null);
insert ignore into autokinito (autokinito_id, autokinito_arithmosKykloforias, montelo_id, pelatis_id)
	values (319, null, 19, null);
insert ignore into autokinito (autokinito_id, autokinito_arithmosKykloforias, montelo_id, pelatis_id)
	values (519, null, 19, null);
insert ignore into autokinito (autokinito_id, autokinito_arithmosKykloforias, montelo_id, pelatis_id)
	values (619, null, 19, null);
insert ignore into autokinito (autokinito_id, autokinito_arithmosKykloforias, montelo_id, pelatis_id)
	values (719, null, 19, null);
insert ignore into autokinito (autokinito_id, autokinito_arithmosKykloforias, montelo_id, pelatis_id)
	values (819, null, 19, null);
insert ignore into autokinito (autokinito_id, autokinito_arithmosKykloforias, montelo_id, pelatis_id)
	values (919, null, 19, null);
insert ignore into autokinito (autokinito_id, autokinito_arithmosKykloforias, montelo_id, pelatis_id)
	values (40, null, 40, null);
insert ignore into autokinito (autokinito_id, autokinito_arithmosKykloforias, montelo_id, pelatis_id)
	values (140, null, 40, null);
insert ignore into autokinito (autokinito_id, autokinito_arithmosKykloforias, montelo_id, pelatis_id)
	values (240, null, 40, null);
insert ignore into autokinito (autokinito_id, autokinito_arithmosKykloforias, montelo_id, pelatis_id)
	values (440, null, 40, null);
insert ignore into autokinito (autokinito_id, autokinito_arithmosKykloforias, montelo_id, pelatis_id)
	values (540, null, 40, null);
insert ignore into autokinito (autokinito_id, autokinito_arithmosKykloforias, montelo_id, pelatis_id)
	values (640, null, 40, null);
insert ignore into autokinito (autokinito_id, autokinito_arithmosKykloforias, montelo_id, pelatis_id)
	values (740, null, 40, null);
insert ignore into autokinito (autokinito_id, autokinito_arithmosKykloforias, montelo_id, pelatis_id)
	values (840, null, 40, null);
insert ignore into autokinito (autokinito_id, autokinito_arithmosKykloforias, montelo_id, pelatis_id)
	values (940, null, 40, null);
insert ignore into autokinito (autokinito_id, autokinito_arithmosKykloforias, montelo_id, pelatis_id)
	values (64, null, 64, null);
insert ignore into autokinito (autokinito_id, autokinito_arithmosKykloforias, montelo_id, pelatis_id)
	values (164, null, 64, null);
insert ignore into autokinito (autokinito_id, autokinito_arithmosKykloforias, montelo_id, pelatis_id)
	values (264, null, 64, null);
insert ignore into autokinito (autokinito_id, autokinito_arithmosKykloforias, montelo_id, pelatis_id)
	values (364, null, 64, null);
insert ignore into autokinito (autokinito_id, autokinito_arithmosKykloforias, montelo_id, pelatis_id)
	values (464, null, 64, null);
insert ignore into autokinito (autokinito_id, autokinito_arithmosKykloforias, montelo_id, pelatis_id)
	values (564, null, 64, null);
insert ignore into autokinito (autokinito_id, autokinito_arithmosKykloforias, montelo_id, pelatis_id)
	values (664, null, 64, null);
insert ignore into autokinito (autokinito_id, autokinito_arithmosKykloforias, montelo_id, pelatis_id)
	values (764, null, 64, null);
insert ignore into autokinito (autokinito_id, autokinito_arithmosKykloforias, montelo_id, pelatis_id)
	values (964, null, 64, null);
insert ignore into ergasia (ergasia_id, ergasia_AA, ergasia_xiliometra, ergasia_perigrafi, ergasia_typos, ergasia_kostos)
	values (6, 87, 196117, "Sunt earum quis necessitatibus inventore ex.", "Mixaniki", 3605.115);
insert ignore into ergasia (ergasia_id, ergasia_AA, ergasia_xiliometra, ergasia_perigrafi, ergasia_typos, ergasia_kostos)
	values (106, 49, 76884, "Neque similique est eaque voluptas quo magni.", "Fanopoiia", 13690.8059928);
insert ignore into ergasia (ergasia_id, ergasia_AA, ergasia_xiliometra, ergasia_perigrafi, ergasia_typos, ergasia_kostos)
	values (206, 30, 23033, "Quasi et voluptatem reprehenderit corporis.", "Mixaniki", 13952.6608533);
insert ignore into ergasia (ergasia_id, ergasia_AA, ergasia_xiliometra, ergasia_perigrafi, ergasia_typos, ergasia_kostos)
	values (306, 6, 231180, "Corporis distinctio officiis eaque aut rem fugit.", "Mixaniki", 10939.26954);
insert ignore into ergasia (ergasia_id, ergasia_AA, ergasia_xiliometra, ergasia_perigrafi, ergasia_typos, ergasia_kostos)
	values (406, 36, 151987, "Asperiores hic eveniet et error sed dolorem cum.", "Hlektriki", 4329.11);
insert ignore into ergasia (ergasia_id, ergasia_AA, ergasia_xiliometra, ergasia_perigrafi, ergasia_typos, ergasia_kostos)
	values (506, 29, 81254, "Adipisci et distinctio beatae ad dignissimos.", "Fanopoiia", 12625.8665975);
insert ignore into ergasia (ergasia_id, ergasia_AA, ergasia_xiliometra, ergasia_perigrafi, ergasia_typos, ergasia_kostos)
	values (606, 99, 2874, "Et odit officiis quam sed.", "Hlektriki", 14053.21);
insert ignore into ergasia (ergasia_id, ergasia_AA, ergasia_xiliometra, ergasia_perigrafi, ergasia_typos, ergasia_kostos)
	values (706, 62, 210494, "Illo et aut eos expedita aspernatur.", "Hlektriki", 5856.592437);
insert ignore into ergasia (ergasia_id, ergasia_AA, ergasia_xiliometra, ergasia_perigrafi, ergasia_typos, ergasia_kostos)
	values (806, 36, 230737, "Ex dicta eos et possimus tempore ut sit.", "Fanopoiia", 5129.8191032);
insert ignore into ergasia (ergasia_id, ergasia_AA, ergasia_xiliometra, ergasia_perigrafi, ergasia_typos, ergasia_kostos)
	values (906, 40, 195820, "Sit nam ipsam eum dolores.", "Mixaniki", 10378.64191634);
insert ignore into ergasia (ergasia_id, ergasia_AA, ergasia_xiliometra, ergasia_perigrafi, ergasia_typos, ergasia_kostos)
	values (18, 52, 16195, "Ut nisi nihil aut enim quia dolorem sit.", "Hlektriki", 6071.97385);
insert ignore into ergasia (ergasia_id, ergasia_AA, ergasia_xiliometra, ergasia_perigrafi, ergasia_typos, ergasia_kostos)
	values (118, 79, 221072, "Omnis illo molestiae laborum illum dignissimos.", "Hlektriki", 7126.651752217);
insert ignore into ergasia (ergasia_id, ergasia_AA, ergasia_xiliometra, ergasia_perigrafi, ergasia_typos, ergasia_kostos)
	values (218, 56, 226823, "Id suscipit quaerat dolores aut molestiae.", "Hlektriki", 12299.691369641);
insert ignore into ergasia (ergasia_id, ergasia_AA, ergasia_xiliometra, ergasia_perigrafi, ergasia_typos, ergasia_kostos)
	values (318, 57, 136851, "Facilis ipsam illum assumenda ut.", "Fanopoiia", 8051.24999778);
insert ignore into ergasia (ergasia_id, ergasia_AA, ergasia_xiliometra, ergasia_perigrafi, ergasia_typos, ergasia_kostos)
	values (418, 79, 143124, "Et alias voluptas et minus suscipit aut.", "Hlektriki", 6181.201);
insert ignore into ergasia (ergasia_id, ergasia_AA, ergasia_xiliometra, ergasia_perigrafi, ergasia_typos, ergasia_kostos)
	values (518, 52, 208466, "Architecto perferendis in quas ut nulla qui.", "Hlektriki", 3961.649);
insert ignore into ergasia (ergasia_id, ergasia_AA, ergasia_xiliometra, ergasia_perigrafi, ergasia_typos, ergasia_kostos)
	values (618, 77, 144697, "Necessitatibus veritatis labore omnis rerum est.", "Mixaniki", 184.604664);
insert ignore into ergasia (ergasia_id, ergasia_AA, ergasia_xiliometra, ergasia_perigrafi, ergasia_typos, ergasia_kostos)
	values (718, 1, 123596, "Sed quasi magni et non repellat.", "Hlektriki", 11430.499);
insert ignore into ergasia (ergasia_id, ergasia_AA, ergasia_xiliometra, ergasia_perigrafi, ergasia_typos, ergasia_kostos)
	values (818, 40, 230961, "Minus ea reiciendis suscipit consequatur.", "Hlektriki", 12353.681);
insert ignore into ergasia (ergasia_id, ergasia_AA, ergasia_xiliometra, ergasia_perigrafi, ergasia_typos, ergasia_kostos)
	values (918, 59, 228363, "Sit eius sit vel atque soluta.", "Hlektriki", 1887.8724);
insert ignore into ergasia (ergasia_id, ergasia_AA, ergasia_xiliometra, ergasia_perigrafi, ergasia_typos, ergasia_kostos)
	values (19, 90, 53340, "Sint consequatur cupiditate aut eveniet quae ut.", "Hlektriki", 885.848);
insert ignore into ergasia (ergasia_id, ergasia_AA, ergasia_xiliometra, ergasia_perigrafi, ergasia_typos, ergasia_kostos)
	values (119, 42, 170683, "Saepe quo temporibus debitis modi commodi aut.", "Hlektriki", 1005.110171);
insert ignore into ergasia (ergasia_id, ergasia_AA, ergasia_xiliometra, ergasia_perigrafi, ergasia_typos, ergasia_kostos)
	values (219, 31, 245978, "Aut corrupti consectetur recusandae sunt.", "Fanopoiia", 8593.86569);
insert ignore into ergasia (ergasia_id, ergasia_AA, ergasia_xiliometra, ergasia_perigrafi, ergasia_typos, ergasia_kostos)
	values (319, 19, 23550, "Vel architecto quia vero iste et.", "Fanopoiia", 10048.9126);
insert ignore into ergasia (ergasia_id, ergasia_AA, ergasia_xiliometra, ergasia_perigrafi, ergasia_typos, ergasia_kostos)
	values (419, 52, 150042, "Esse accusantium et dolorem veniam quis.", "Hlektriki", 9442.762);
insert ignore into ergasia (ergasia_id, ergasia_AA, ergasia_xiliometra, ergasia_perigrafi, ergasia_typos, ergasia_kostos)
	values (519, 82, 131692, "Repellendus vitae temporibus aut.", "Mixaniki", 1892.5734828);
insert ignore into ergasia (ergasia_id, ergasia_AA, ergasia_xiliometra, ergasia_perigrafi, ergasia_typos, ergasia_kostos)
	values (619, 73, 56848, "Et necessitatibus nam rerum quas sit qui.", "Mixaniki", 520.8);
insert ignore into ergasia (ergasia_id, ergasia_AA, ergasia_xiliometra, ergasia_perigrafi, ergasia_typos, ergasia_kostos)
	values (719, 95, 48047, "Ratione et tempora aliquam.", "Fanopoiia", 6232.35);
insert ignore into ergasia (ergasia_id, ergasia_AA, ergasia_xiliometra, ergasia_perigrafi, ergasia_typos, ergasia_kostos)
	values (819, 61, 229781, "Fugiat ipsa modi quia quos nulla architecto.", "Hlektriki", 3980.2449);
insert ignore into ergasia (ergasia_id, ergasia_AA, ergasia_xiliometra, ergasia_perigrafi, ergasia_typos, ergasia_kostos)
	values (919, 42, 121930, "Qui explicabo eum voluptatum ad quidem eum sit.", "Mixaniki", 4480.0372128);
insert ignore into ergasia (ergasia_id, ergasia_AA, ergasia_xiliometra, ergasia_perigrafi, ergasia_typos, ergasia_kostos)
	values (40, 35, 104831, "Error ad occaecati sequi molestiae.", "Mixaniki", 7665.7217668);
insert ignore into ergasia (ergasia_id, ergasia_AA, ergasia_xiliometra, ergasia_perigrafi, ergasia_typos, ergasia_kostos)
	values (140, 31, 31724, "Dolor necessitatibus est soluta.", "Hlektriki", 4743.590246161);
insert ignore into ergasia (ergasia_id, ergasia_AA, ergasia_xiliometra, ergasia_perigrafi, ergasia_typos, ergasia_kostos)
	values (240, 35, 80763, "Vel quia tempore eaque quibusdam facere quo.", "Hlektriki", 10491.2);
insert ignore into ergasia (ergasia_id, ergasia_AA, ergasia_xiliometra, ergasia_perigrafi, ergasia_typos, ergasia_kostos)
	values (340, 56, 186426, "Praesentium alias odit aliquam quisquam sit.", "Hlektriki", 8798.9274);
insert ignore into ergasia (ergasia_id, ergasia_AA, ergasia_xiliometra, ergasia_perigrafi, ergasia_typos, ergasia_kostos)
	values (440, 83, 184605, "Nostrum et quae vel recusandae quidem voluptas.", "Hlektriki", 3804.6204);
insert ignore into ergasia (ergasia_id, ergasia_AA, ergasia_xiliometra, ergasia_perigrafi, ergasia_typos, ergasia_kostos)
	values (540, 58, 181251, "Commodi voluptas deleniti porro officiis nisi.", "Mixaniki", 1005.02516977);
insert ignore into ergasia (ergasia_id, ergasia_AA, ergasia_xiliometra, ergasia_perigrafi, ergasia_typos, ergasia_kostos)
	values (640, 65, 33230, "Et ipsa natus fugiat laboriosam.", "Mixaniki", 12349.51);
insert ignore into ergasia (ergasia_id, ergasia_AA, ergasia_xiliometra, ergasia_perigrafi, ergasia_typos, ergasia_kostos)
	values (740, 53, 118787, "Nesciunt debitis consequuntur rerum et.", "Mixaniki", 7728.02556387);
insert ignore into ergasia (ergasia_id, ergasia_AA, ergasia_xiliometra, ergasia_perigrafi, ergasia_typos, ergasia_kostos)
	values (840, 40, 173896, "Deserunt distinctio nisi dolor pariatur fugiat.", "Mixaniki", 1121.00741503);
insert ignore into ergasia (ergasia_id, ergasia_AA, ergasia_xiliometra, ergasia_perigrafi, ergasia_typos, ergasia_kostos)
	values (940, 56, 172522, "Doloribus sunt eaque quo quo qui aut commodi.", "Mixaniki", 10720.901482632);
insert ignore into ergasia (ergasia_id, ergasia_AA, ergasia_xiliometra, ergasia_perigrafi, ergasia_typos, ergasia_kostos)
	values (64, 24, 61953, "Earum qui porro dolorum dicta et blanditiis nam.", "Mixaniki", 4431.505488409);
insert ignore into ergasia (ergasia_id, ergasia_AA, ergasia_xiliometra, ergasia_perigrafi, ergasia_typos, ergasia_kostos)
	values (164, 49, 164240, "Et fuga fuga quia ut ut est.", "Fanopoiia", 9934.74344936);
insert ignore into ergasia (ergasia_id, ergasia_AA, ergasia_xiliometra, ergasia_perigrafi, ergasia_typos, ergasia_kostos)
	values (264, 23, 88502, "Sint animi quae quo dolor eum aut facere ipsa.", "Fanopoiia", 5446.4319111);
insert ignore into ergasia (ergasia_id, ergasia_AA, ergasia_xiliometra, ergasia_perigrafi, ergasia_typos, ergasia_kostos)
	values (364, 81, 55297, "Repellendus vel vero atque voluptatem.", "Hlektriki", 12376.051128039);
insert ignore into ergasia (ergasia_id, ergasia_AA, ergasia_xiliometra, ergasia_perigrafi, ergasia_typos, ergasia_kostos)
	values (464, 42, 128632, "Amet saepe hic repellat error.", "Fanopoiia", 13155.7);
insert ignore into ergasia (ergasia_id, ergasia_AA, ergasia_xiliometra, ergasia_perigrafi, ergasia_typos, ergasia_kostos)
	values (564, 76, 177127, "Eaque amet et cum consequuntur rerum sunt quia.", "Mixaniki", 9174);
insert ignore into ergasia (ergasia_id, ergasia_AA, ergasia_xiliometra, ergasia_perigrafi, ergasia_typos, ergasia_kostos)
	values (664, 12, 224989, "Ut non eos voluptas.", "Fanopoiia", 14755.388);
insert ignore into ergasia (ergasia_id, ergasia_AA, ergasia_xiliometra, ergasia_perigrafi, ergasia_typos, ergasia_kostos)
	values (764, 68, 226094, "Autem qui non est necessitatibus omnis tempore.", "Mixaniki", 11396.13148817);
insert ignore into ergasia (ergasia_id, ergasia_AA, ergasia_xiliometra, ergasia_perigrafi, ergasia_typos, ergasia_kostos)
	values (864, 33, 60455, "Est magni non vel optio amet dolorem.", "Fanopoiia", 4637.29634);
insert ignore into ergasia (ergasia_id, ergasia_AA, ergasia_xiliometra, ergasia_perigrafi, ergasia_typos, ergasia_kostos)
	values (964, 89, 192916, "Culpa animi dicta officia ut est.", "Mixaniki", 1240);
insert ignore into ypalilos (ypalilos_id, ypalilos_eponymo, ypalilos_typos)
	values (6, "Bashirian", "Mixanikos");
insert ignore into ypalilos (ypalilos_id, ypalilos_eponymo, ypalilos_typos)
	values (18, "Jaskolski", "Fanopoios");
insert ignore into ypalilos (ypalilos_id, ypalilos_eponymo, ypalilos_typos)
	values (19, "Wilkinson", "Fanopoios");
insert ignore into ypalilos (ypalilos_id, ypalilos_eponymo, ypalilos_typos)
	values (15, "Herzog", "Fanopoios");
insert ignore into ypalilos (ypalilos_id, ypalilos_eponymo, ypalilos_typos)
	values (14, "Kessler", "Fanopoios");
insert ignore into aitima (syntirisi_id, autokinito_id, syntirisi_perigrafi, syntirisi_timestamp, syntirisi_kodikos, syntirisi_oloklirothike)
	values (6, 6, "Mouse had changed his mind, and was going to.", "2006-06-13 17:26:49", 1, false);
insert ignore into aitima (syntirisi_id, autokinito_id, syntirisi_perigrafi, syntirisi_timestamp, syntirisi_kodikos, syntirisi_oloklirothike)
	values (106, 106, "Dormouse say?\' one of these cakes,\' she thought,.", "1981-12-10 09:51:03", 3, true);
insert ignore into aitima (syntirisi_id, autokinito_id, syntirisi_perigrafi, syntirisi_timestamp, syntirisi_kodikos, syntirisi_oloklirothike)
	values (206, 206, "I am in the distance, and she thought it over.", "1987-07-28 15:16:31", 3, false);
insert ignore into aitima (syntirisi_id, autokinito_id, syntirisi_perigrafi, syntirisi_timestamp, syntirisi_kodikos, syntirisi_oloklirothike)
	values (306, 306, "What happened to you? Tell us all about as much.", "1972-07-27 06:11:41", 6, false);
insert ignore into aitima (syntirisi_id, autokinito_id, syntirisi_perigrafi, syntirisi_timestamp, syntirisi_kodikos, syntirisi_oloklirothike)
	values (406, 406, "Mock Turtle repeated thoughtfully. \'I should.", "2012-11-13 10:52:09", 6, true);
insert ignore into aitima (syntirisi_id, autokinito_id, syntirisi_perigrafi, syntirisi_timestamp, syntirisi_kodikos, syntirisi_oloklirothike)
	values (506, 506, "Mouse had changed his mind, and was surprised to.", "2011-01-14 04:42:47", 4, true);
insert ignore into aitima (syntirisi_id, autokinito_id, syntirisi_perigrafi, syntirisi_timestamp, syntirisi_kodikos, syntirisi_oloklirothike)
	values (606, 606, "THEN--she found herself in the back. However, it.", "1997-06-19 12:01:51", 9, true);
insert ignore into aitima (syntirisi_id, autokinito_id, syntirisi_perigrafi, syntirisi_timestamp, syntirisi_kodikos, syntirisi_oloklirothike)
	values (706, 706, "It doesn\'t look like it?\' he said, \'on and off,.", "1978-08-05 00:08:24", 5, false);
insert ignore into aitima (syntirisi_id, autokinito_id, syntirisi_perigrafi, syntirisi_timestamp, syntirisi_kodikos, syntirisi_oloklirothike)
	values (806, 806, "Alice\'s first thought was that you have of.", "1978-03-05 12:26:44", 9, false);
insert ignore into aitima (syntirisi_id, autokinito_id, syntirisi_perigrafi, syntirisi_timestamp, syntirisi_kodikos, syntirisi_oloklirothike)
	values (906, 906, "I\'ll try and say \"How doth the little--\"\' and.", "1998-06-29 05:31:43", 9, true);
insert ignore into aitima (syntirisi_id, autokinito_id, syntirisi_perigrafi, syntirisi_timestamp, syntirisi_kodikos, syntirisi_oloklirothike)
	values (18, 18, "IN the well,\' Alice said very politely, \'if I.", "2003-09-09 04:17:34", 8, true);
insert ignore into aitima (syntirisi_id, autokinito_id, syntirisi_perigrafi, syntirisi_timestamp, syntirisi_kodikos, syntirisi_oloklirothike)
	values (118, 118, "Alice quietly said, just as well wait, as she.", "2011-05-21 11:39:32", 9, false);
insert ignore into aitima (syntirisi_id, autokinito_id, syntirisi_perigrafi, syntirisi_timestamp, syntirisi_kodikos, syntirisi_oloklirothike)
	values (218, 218, "Will you, won\'t you, won\'t you, will you, won\'t.", "1980-05-20 14:45:18", 8, true);
insert ignore into aitima (syntirisi_id, autokinito_id, syntirisi_perigrafi, syntirisi_timestamp, syntirisi_kodikos, syntirisi_oloklirothike)
	values (318, 318, "Alice, \'or perhaps they won\'t walk the way I.", "1980-10-23 22:33:52", 6, true);
insert ignore into aitima (syntirisi_id, autokinito_id, syntirisi_perigrafi, syntirisi_timestamp, syntirisi_kodikos, syntirisi_oloklirothike)
	values (418, 418, "I think you\'d better finish the story for.", "2007-02-02 04:14:14", 7, true);
insert ignore into aitima (syntirisi_id, autokinito_id, syntirisi_perigrafi, syntirisi_timestamp, syntirisi_kodikos, syntirisi_oloklirothike)
	values (518, 518, "THE KING AND QUEEN OF HEARTS. Alice was not.", "1983-07-31 01:18:15", 7, true);
insert ignore into aitima (syntirisi_id, autokinito_id, syntirisi_perigrafi, syntirisi_timestamp, syntirisi_kodikos, syntirisi_oloklirothike)
	values (618, 618, "There could be beheaded, and that if something.", "1997-11-28 13:01:50", 9, true);
insert ignore into aitima (syntirisi_id, autokinito_id, syntirisi_perigrafi, syntirisi_timestamp, syntirisi_kodikos, syntirisi_oloklirothike)
	values (718, 718, "Ann! Mary Ann!\' said the Mouse, getting up and.", "1976-03-15 01:14:02", 7, true);
insert ignore into aitima (syntirisi_id, autokinito_id, syntirisi_perigrafi, syntirisi_timestamp, syntirisi_kodikos, syntirisi_oloklirothike)
	values (818, 818, "As soon as the Lory hastily. \'I thought it.", "1977-08-22 03:17:54", 2, true);
insert ignore into aitima (syntirisi_id, autokinito_id, syntirisi_perigrafi, syntirisi_timestamp, syntirisi_kodikos, syntirisi_oloklirothike)
	values (918, 918, "No, there were a Duck and a Canary called out to.", "1996-10-04 02:30:27", 0, true);
insert ignore into aitima (syntirisi_id, autokinito_id, syntirisi_perigrafi, syntirisi_timestamp, syntirisi_kodikos, syntirisi_oloklirothike)
	values (19, 19, "Alice caught the flamingo and brought it back,.", "1984-04-27 08:46:26", 7, true);
insert ignore into aitima (syntirisi_id, autokinito_id, syntirisi_perigrafi, syntirisi_timestamp, syntirisi_kodikos, syntirisi_oloklirothike)
	values (119, 119, "Hatter said, tossing his head sadly. \'Do I look.", "1986-04-26 06:46:07", 6, true);
insert ignore into aitima (syntirisi_id, autokinito_id, syntirisi_perigrafi, syntirisi_timestamp, syntirisi_kodikos, syntirisi_oloklirothike)
	values (219, 219, "The Antipathies, I think--\' (for, you see, so.", "1990-05-10 22:23:49", 5, false);
insert ignore into aitima (syntirisi_id, autokinito_id, syntirisi_perigrafi, syntirisi_timestamp, syntirisi_kodikos, syntirisi_oloklirothike)
	values (319, 319, "Alice thought she had felt quite unhappy at the.", "1972-07-17 09:28:17", 9, true);
insert ignore into aitima (syntirisi_id, autokinito_id, syntirisi_perigrafi, syntirisi_timestamp, syntirisi_kodikos, syntirisi_oloklirothike)
	values (419, 419, "Alice. \'I\'ve tried the effect of lying down on.", "1975-06-13 23:42:38", 2, false);
insert ignore into aitima (syntirisi_id, autokinito_id, syntirisi_perigrafi, syntirisi_timestamp, syntirisi_kodikos, syntirisi_oloklirothike)
	values (519, 519, "Edwin and Morcar, the earls of Mercia and.", "1970-04-16 15:17:53", 6, false);
insert ignore into aitima (syntirisi_id, autokinito_id, syntirisi_perigrafi, syntirisi_timestamp, syntirisi_kodikos, syntirisi_oloklirothike)
	values (619, 619, "I\'ve got to the little creature down, and the.", "1996-08-20 21:11:46", 5, true);
insert ignore into aitima (syntirisi_id, autokinito_id, syntirisi_perigrafi, syntirisi_timestamp, syntirisi_kodikos, syntirisi_oloklirothike)
	values (719, 719, "Mouse replied rather crossly: \'of course you.", "1995-06-01 11:06:08", 4, false);
insert ignore into aitima (syntirisi_id, autokinito_id, syntirisi_perigrafi, syntirisi_timestamp, syntirisi_kodikos, syntirisi_oloklirothike)
	values (819, 819, "The pepper when he pleases!\' CHORUS. \'Wow! wow!.", "2000-01-19 23:35:32", 1, true);
insert ignore into aitima (syntirisi_id, autokinito_id, syntirisi_perigrafi, syntirisi_timestamp, syntirisi_kodikos, syntirisi_oloklirothike)
	values (919, 919, "I can remember feeling a little bottle that.", "2010-01-05 03:34:04", 4, true);
insert ignore into aitima (syntirisi_id, autokinito_id, syntirisi_perigrafi, syntirisi_timestamp, syntirisi_kodikos, syntirisi_oloklirothike)
	values (40, 40, "Caterpillar angrily, rearing itself upright as.", "1994-07-22 14:17:00", 8, false);
insert ignore into aitima (syntirisi_id, autokinito_id, syntirisi_perigrafi, syntirisi_timestamp, syntirisi_kodikos, syntirisi_oloklirothike)
	values (140, 140, "OUTSIDE.\' He unfolded the paper as he came, \'Oh!.", "1973-12-04 20:11:29", 6, false);
insert ignore into aitima (syntirisi_id, autokinito_id, syntirisi_perigrafi, syntirisi_timestamp, syntirisi_kodikos, syntirisi_oloklirothike)
	values (240, 240, "Mock Turtle\'s Story \'You can\'t think how glad I.", "2015-07-10 09:39:00", 4, false);
insert ignore into aitima (syntirisi_id, autokinito_id, syntirisi_perigrafi, syntirisi_timestamp, syntirisi_kodikos, syntirisi_oloklirothike)
	values (340, 340, "Alice glanced rather anxiously at the stick,.", "1982-02-23 13:40:13", 2, false);
insert ignore into aitima (syntirisi_id, autokinito_id, syntirisi_perigrafi, syntirisi_timestamp, syntirisi_kodikos, syntirisi_oloklirothike)
	values (440, 440, "Who ever saw in my kitchen AT ALL. Soup does.", "2012-10-09 07:58:13", 6, true);
insert ignore into aitima (syntirisi_id, autokinito_id, syntirisi_perigrafi, syntirisi_timestamp, syntirisi_kodikos, syntirisi_oloklirothike)
	values (540, 540, "Alice in a VERY unpleasant state of mind, she.", "1987-11-11 05:55:07", 5, true);
insert ignore into aitima (syntirisi_id, autokinito_id, syntirisi_perigrafi, syntirisi_timestamp, syntirisi_kodikos, syntirisi_oloklirothike)
	values (640, 640, "The Gryphon lifted up both its paws in surprise..", "1991-07-06 01:28:57", 0, true);
insert ignore into aitima (syntirisi_id, autokinito_id, syntirisi_perigrafi, syntirisi_timestamp, syntirisi_kodikos, syntirisi_oloklirothike)
	values (740, 740, "Queen was close behind it when she caught it,.", "1982-10-28 20:55:31", 8, true);
insert ignore into aitima (syntirisi_id, autokinito_id, syntirisi_perigrafi, syntirisi_timestamp, syntirisi_kodikos, syntirisi_oloklirothike)
	values (840, 840, "Duchess replied, in a great many teeth, so she.", "1971-02-04 21:31:01", 7, false);
insert ignore into aitima (syntirisi_id, autokinito_id, syntirisi_perigrafi, syntirisi_timestamp, syntirisi_kodikos, syntirisi_oloklirothike)
	values (940, 940, "Dormouse shook its head impatiently, and walked.", "1998-12-22 10:55:26", 2, true);
insert ignore into aitima (syntirisi_id, autokinito_id, syntirisi_perigrafi, syntirisi_timestamp, syntirisi_kodikos, syntirisi_oloklirothike)
	values (64, 64, "Alice replied, so eagerly that the pebbles were.", "2008-10-28 13:12:24", 2, false);
insert ignore into aitima (syntirisi_id, autokinito_id, syntirisi_perigrafi, syntirisi_timestamp, syntirisi_kodikos, syntirisi_oloklirothike)
	values (164, 164, "Alice again, in a whisper, half afraid that she.", "1989-03-14 17:31:40", 1, false);
insert ignore into aitima (syntirisi_id, autokinito_id, syntirisi_perigrafi, syntirisi_timestamp, syntirisi_kodikos, syntirisi_oloklirothike)
	values (264, 264, "Alice; \'all I know THAT well enough; and what.", "2014-04-16 04:43:16", 8, true);
insert ignore into aitima (syntirisi_id, autokinito_id, syntirisi_perigrafi, syntirisi_timestamp, syntirisi_kodikos, syntirisi_oloklirothike)
	values (364, 364, "Alice. \'I mean what I eat\" is the reason so many.", "1997-01-09 05:13:02", 9, false);
insert ignore into aitima (syntirisi_id, autokinito_id, syntirisi_perigrafi, syntirisi_timestamp, syntirisi_kodikos, syntirisi_oloklirothike)
	values (464, 464, "CURTSEYING as you\'re falling through the door,.", "2001-12-27 21:51:06", 1, false);
insert ignore into aitima (syntirisi_id, autokinito_id, syntirisi_perigrafi, syntirisi_timestamp, syntirisi_kodikos, syntirisi_oloklirothike)
	values (564, 564, "Alice, surprised at her as she could see it.", "1987-06-03 23:25:05", 9, false);
insert ignore into aitima (syntirisi_id, autokinito_id, syntirisi_perigrafi, syntirisi_timestamp, syntirisi_kodikos, syntirisi_oloklirothike)
	values (664, 664, "VERY short remarks, and she very soon finished.", "1987-08-03 18:13:09", 0, false);
insert ignore into aitima (syntirisi_id, autokinito_id, syntirisi_perigrafi, syntirisi_timestamp, syntirisi_kodikos, syntirisi_oloklirothike)
	values (764, 764, "Queen. \'It proves nothing of the way I want to.", "1987-10-02 20:22:04", 0, false);
insert ignore into aitima (syntirisi_id, autokinito_id, syntirisi_perigrafi, syntirisi_timestamp, syntirisi_kodikos, syntirisi_oloklirothike)
	values (864, 864, "There was a child,\' said the Mock Turtle, and.", "2018-01-30 12:08:48", 7, true);
insert ignore into aitima (syntirisi_id, autokinito_id, syntirisi_perigrafi, syntirisi_timestamp, syntirisi_kodikos, syntirisi_oloklirothike)
	values (964, 964, "I BEG your pardon!\' said the Pigeon. \'I can tell.", "2012-04-17 01:50:04", 7, false);
insert ignore into vlavi (vlavi_id, syntirisi_id)
	values (0, 340);
insert ignore into vlavi (vlavi_id, syntirisi_id)
	values (1, 419);
insert ignore into vlavi (vlavi_id, syntirisi_id)
	values (2, 606);
insert ignore into vlavi (vlavi_id, syntirisi_id)
	values (3, 864);
insert ignore into syntirisi (synt_id, syntirisi_id)
	values (0, 6);
insert ignore into syntirisi (synt_id, syntirisi_id)
	values (1, 106);
insert ignore into syntirisi (synt_id, syntirisi_id)
	values (2, 206);
insert ignore into syntirisi (synt_id, syntirisi_id)
	values (3, 306);
insert ignore into syntirisi (synt_id, syntirisi_id)
	values (4, 406);
insert ignore into syntirisi (synt_id, syntirisi_id)
	values (5, 506);
insert ignore into syntirisi (synt_id, syntirisi_id)
	values (6, 606);
insert ignore into syntirisi (synt_id, syntirisi_id)
	values (7, 706);
insert ignore into syntirisi (synt_id, syntirisi_id)
	values (8, 806);
insert ignore into syntirisi (synt_id, syntirisi_id)
	values (9, 906);
insert ignore into syntirisi (synt_id, syntirisi_id)
	values (10, 18);
insert ignore into syntirisi (synt_id, syntirisi_id)
	values (11, 118);
insert ignore into syntirisi (synt_id, syntirisi_id)
	values (12, 218);
insert ignore into syntirisi (synt_id, syntirisi_id)
	values (13, 318);
insert ignore into syntirisi (synt_id, syntirisi_id)
	values (14, 418);
insert ignore into syntirisi (synt_id, syntirisi_id)
	values (15, 518);
insert ignore into syntirisi (synt_id, syntirisi_id)
	values (16, 618);
insert ignore into syntirisi (synt_id, syntirisi_id)
	values (17, 718);
insert ignore into syntirisi (synt_id, syntirisi_id)
	values (18, 818);
insert ignore into syntirisi (synt_id, syntirisi_id)
	values (19, 918);
insert ignore into syntirisi (synt_id, syntirisi_id)
	values (20, 19);
insert ignore into syntirisi (synt_id, syntirisi_id)
	values (21, 119);
insert ignore into syntirisi (synt_id, syntirisi_id)
	values (22, 219);
insert ignore into syntirisi (synt_id, syntirisi_id)
	values (23, 319);
insert ignore into syntirisi (synt_id, syntirisi_id)
	values (24, 419);
insert ignore into syntirisi (synt_id, syntirisi_id)
	values (25, 519);
insert ignore into syntirisi (synt_id, syntirisi_id)
	values (26, 619);
insert ignore into syntirisi (synt_id, syntirisi_id)
	values (27, 719);
insert ignore into syntirisi (synt_id, syntirisi_id)
	values (28, 819);
insert ignore into syntirisi (synt_id, syntirisi_id)
	values (29, 919);
insert ignore into syntirisi (synt_id, syntirisi_id)
	values (30, 40);
insert ignore into syntirisi (synt_id, syntirisi_id)
	values (31, 140);
insert ignore into syntirisi (synt_id, syntirisi_id)
	values (32, 240);
insert ignore into syntirisi (synt_id, syntirisi_id)
	values (33, 340);
insert ignore into syntirisi (synt_id, syntirisi_id)
	values (34, 440);
insert ignore into syntirisi (synt_id, syntirisi_id)
	values (35, 540);
insert ignore into syntirisi (synt_id, syntirisi_id)
	values (36, 640);
insert ignore into syntirisi (synt_id, syntirisi_id)
	values (37, 740);
insert ignore into syntirisi (synt_id, syntirisi_id)
	values (38, 840);
insert ignore into syntirisi (synt_id, syntirisi_id)
	values (39, 940);
insert ignore into syntirisi (synt_id, syntirisi_id)
	values (40, 64);
insert ignore into syntirisi (synt_id, syntirisi_id)
	values (41, 164);
insert ignore into syntirisi (synt_id, syntirisi_id)
	values (42, 264);
insert ignore into syntirisi (synt_id, syntirisi_id)
	values (43, 364);
insert ignore into syntirisi (synt_id, syntirisi_id)
	values (44, 464);
insert ignore into syntirisi (synt_id, syntirisi_id)
	values (45, 564);
insert ignore into syntirisi (synt_id, syntirisi_id)
	values (46, 664);
insert ignore into syntirisi (synt_id, syntirisi_id)
	values (47, 764);
insert ignore into syntirisi (synt_id, syntirisi_id)
	values (48, 864);
insert ignore into syntirisi (synt_id, syntirisi_id)
	values (49, 964);
insert ignore into eksipiretisi_vlavis (ypalilos_id, vlavi_id)
	values (15, 0);
insert ignore into eksipiretisi_vlavis (ypalilos_id, vlavi_id)
	values (19, 1);
insert ignore into eksipiretisi_vlavis (ypalilos_id, vlavi_id)
	values (6, 2);
insert ignore into eksipiretisi_vlavis (ypalilos_id, vlavi_id)
	values (14, 3);
insert ignore into eksipiretisi_syntirisis (ypalilos_id, ergasia_id, synt_id, eksypiretisiSyntirisis_timestamp)
	values (6, 6, 0, "1973-05-13 03:10:42");
insert ignore into eksipiretisi_syntirisis (ypalilos_id, ergasia_id, synt_id, eksypiretisiSyntirisis_timestamp)
	values (6, 6, null, "1978-09-17 14:42:13");
insert ignore into eksipiretisi_syntirisis (ypalilos_id, ergasia_id, synt_id, eksypiretisiSyntirisis_timestamp)
	values (6, 106, 1, "1981-03-01 00:47:54");
insert ignore into eksipiretisi_syntirisis (ypalilos_id, ergasia_id, synt_id, eksypiretisiSyntirisis_timestamp)
	values (6, 106, null, "1993-01-03 14:51:26");
insert ignore into eksipiretisi_syntirisis (ypalilos_id, ergasia_id, synt_id, eksypiretisiSyntirisis_timestamp)
	values (6, 206, 2, "1972-09-05 13:16:37");
insert ignore into eksipiretisi_syntirisis (ypalilos_id, ergasia_id, synt_id, eksypiretisiSyntirisis_timestamp)
	values (6, 206, null, "1980-05-22 20:33:52");
insert ignore into eksipiretisi_syntirisis (ypalilos_id, ergasia_id, synt_id, eksypiretisiSyntirisis_timestamp)
	values (6, 306, 3, "1972-01-01 01:12:26");
insert ignore into eksipiretisi_syntirisis (ypalilos_id, ergasia_id, synt_id, eksypiretisiSyntirisis_timestamp)
	values (6, 306, null, "1973-11-10 11:57:25");
insert ignore into eksipiretisi_syntirisis (ypalilos_id, ergasia_id, synt_id, eksypiretisiSyntirisis_timestamp)
	values (6, 406, 4, "1975-10-17 04:13:19");
insert ignore into eksipiretisi_syntirisis (ypalilos_id, ergasia_id, synt_id, eksypiretisiSyntirisis_timestamp)
	values (6, 406, null, "1991-10-28 15:52:19");
insert ignore into eksipiretisi_syntirisis (ypalilos_id, ergasia_id, synt_id, eksypiretisiSyntirisis_timestamp)
	values (6, 506, 5, "1982-07-31 06:56:24");
insert ignore into eksipiretisi_syntirisis (ypalilos_id, ergasia_id, synt_id, eksypiretisiSyntirisis_timestamp)
	values (6, 506, null, "1996-06-14 10:08:36");
insert ignore into eksipiretisi_syntirisis (ypalilos_id, ergasia_id, synt_id, eksypiretisiSyntirisis_timestamp)
	values (6, 606, 6, "1981-12-25 06:47:29");
insert ignore into eksipiretisi_syntirisis (ypalilos_id, ergasia_id, synt_id, eksypiretisiSyntirisis_timestamp)
	values (6, 606, null, "1983-05-21 11:44:54");
insert ignore into eksipiretisi_syntirisis (ypalilos_id, ergasia_id, synt_id, eksypiretisiSyntirisis_timestamp)
	values (6, 706, 7, "1979-10-23 22:19:44");
insert ignore into eksipiretisi_syntirisis (ypalilos_id, ergasia_id, synt_id, eksypiretisiSyntirisis_timestamp)
	values (6, 706, null, "1981-08-01 10:55:13");
insert ignore into eksipiretisi_syntirisis (ypalilos_id, ergasia_id, synt_id, eksypiretisiSyntirisis_timestamp)
	values (6, 806, 8, "1976-12-21 22:19:16");
insert ignore into eksipiretisi_syntirisis (ypalilos_id, ergasia_id, synt_id, eksypiretisiSyntirisis_timestamp)
	values (6, 806, null, "1977-02-17 15:02:33");
insert ignore into eksipiretisi_syntirisis (ypalilos_id, ergasia_id, synt_id, eksypiretisiSyntirisis_timestamp)
	values (6, 906, 9, "1971-03-23 12:01:52");
insert ignore into eksipiretisi_syntirisis (ypalilos_id, ergasia_id, synt_id, eksypiretisiSyntirisis_timestamp)
	values (6, 906, null, "1974-06-09 08:35:13");
insert ignore into eksipiretisi_syntirisis (ypalilos_id, ergasia_id, synt_id, eksypiretisiSyntirisis_timestamp)
	values (18, 18, 10, "1984-11-24 04:53:04");
insert ignore into eksipiretisi_syntirisis (ypalilos_id, ergasia_id, synt_id, eksypiretisiSyntirisis_timestamp)
	values (18, 18, null, "1994-01-24 08:39:18");
insert ignore into eksipiretisi_syntirisis (ypalilos_id, ergasia_id, synt_id, eksypiretisiSyntirisis_timestamp)
	values (18, 118, 11, "1975-11-14 00:13:42");
insert ignore into eksipiretisi_syntirisis (ypalilos_id, ergasia_id, synt_id, eksypiretisiSyntirisis_timestamp)
	values (18, 118, null, "1976-02-18 13:27:59");
insert ignore into eksipiretisi_syntirisis (ypalilos_id, ergasia_id, synt_id, eksypiretisiSyntirisis_timestamp)
	values (18, 218, 12, "1979-05-17 22:26:20");
insert ignore into eksipiretisi_syntirisis (ypalilos_id, ergasia_id, synt_id, eksypiretisiSyntirisis_timestamp)
	values (18, 218, null, "1981-06-02 16:12:40");
insert ignore into eksipiretisi_syntirisis (ypalilos_id, ergasia_id, synt_id, eksypiretisiSyntirisis_timestamp)
	values (18, 318, 13, "1971-11-29 20:36:39");
insert ignore into eksipiretisi_syntirisis (ypalilos_id, ergasia_id, synt_id, eksypiretisiSyntirisis_timestamp)
	values (18, 318, null, "1982-05-04 21:55:15");
insert ignore into eksipiretisi_syntirisis (ypalilos_id, ergasia_id, synt_id, eksypiretisiSyntirisis_timestamp)
	values (18, 418, 14, "1991-01-30 03:39:29");
insert ignore into eksipiretisi_syntirisis (ypalilos_id, ergasia_id, synt_id, eksypiretisiSyntirisis_timestamp)
	values (18, 418, null, "2009-03-24 04:44:16");
insert ignore into eksipiretisi_syntirisis (ypalilos_id, ergasia_id, synt_id, eksypiretisiSyntirisis_timestamp)
	values (18, 518, 15, "1973-05-07 05:50:01");
insert ignore into eksipiretisi_syntirisis (ypalilos_id, ergasia_id, synt_id, eksypiretisiSyntirisis_timestamp)
	values (18, 518, null, "1977-08-10 17:27:42");
insert ignore into eksipiretisi_syntirisis (ypalilos_id, ergasia_id, synt_id, eksypiretisiSyntirisis_timestamp)
	values (18, 618, 16, "1977-07-31 06:56:46");
insert ignore into eksipiretisi_syntirisis (ypalilos_id, ergasia_id, synt_id, eksypiretisiSyntirisis_timestamp)
	values (18, 618, null, "1982-09-04 03:30:52");
insert ignore into eksipiretisi_syntirisis (ypalilos_id, ergasia_id, synt_id, eksypiretisiSyntirisis_timestamp)
	values (18, 718, 17, "1975-05-13 18:01:27");
insert ignore into eksipiretisi_syntirisis (ypalilos_id, ergasia_id, synt_id, eksypiretisiSyntirisis_timestamp)
	values (18, 718, null, "1997-04-12 17:28:26");
insert ignore into eksipiretisi_syntirisis (ypalilos_id, ergasia_id, synt_id, eksypiretisiSyntirisis_timestamp)
	values (18, 818, 18, "1977-12-12 02:58:19");
insert ignore into eksipiretisi_syntirisis (ypalilos_id, ergasia_id, synt_id, eksypiretisiSyntirisis_timestamp)
	values (18, 818, null, "1977-12-29 12:10:10");
insert ignore into eksipiretisi_syntirisis (ypalilos_id, ergasia_id, synt_id, eksypiretisiSyntirisis_timestamp)
	values (18, 918, 19, "1977-05-19 20:36:18");
insert ignore into eksipiretisi_syntirisis (ypalilos_id, ergasia_id, synt_id, eksypiretisiSyntirisis_timestamp)
	values (18, 918, null, "1982-11-11 01:01:45");
insert ignore into eksipiretisi_syntirisis (ypalilos_id, ergasia_id, synt_id, eksypiretisiSyntirisis_timestamp)
	values (19, 19, 20, "1974-03-16 05:56:58");
insert ignore into eksipiretisi_syntirisis (ypalilos_id, ergasia_id, synt_id, eksypiretisiSyntirisis_timestamp)
	values (19, 19, null, "1977-09-05 15:19:21");
insert ignore into eksipiretisi_syntirisis (ypalilos_id, ergasia_id, synt_id, eksypiretisiSyntirisis_timestamp)
	values (19, 119, 21, "1982-01-21 19:55:40");
insert ignore into eksipiretisi_syntirisis (ypalilos_id, ergasia_id, synt_id, eksypiretisiSyntirisis_timestamp)
	values (19, 119, null, "1985-09-07 23:29:54");
insert ignore into eksipiretisi_syntirisis (ypalilos_id, ergasia_id, synt_id, eksypiretisiSyntirisis_timestamp)
	values (19, 219, 22, "1980-10-04 23:41:21");
insert ignore into eksipiretisi_syntirisis (ypalilos_id, ergasia_id, synt_id, eksypiretisiSyntirisis_timestamp)
	values (19, 219, null, "1987-04-22 07:42:34");
insert ignore into eksipiretisi_syntirisis (ypalilos_id, ergasia_id, synt_id, eksypiretisiSyntirisis_timestamp)
	values (19, 319, 23, "1976-07-30 10:23:02");
insert ignore into eksipiretisi_syntirisis (ypalilos_id, ergasia_id, synt_id, eksypiretisiSyntirisis_timestamp)
	values (19, 319, null, "1983-07-23 17:58:40");
insert ignore into eksipiretisi_syntirisis (ypalilos_id, ergasia_id, synt_id, eksypiretisiSyntirisis_timestamp)
	values (19, 419, 24, "1976-05-27 03:04:19");
insert ignore into eksipiretisi_syntirisis (ypalilos_id, ergasia_id, synt_id, eksypiretisiSyntirisis_timestamp)
	values (19, 419, null, "1980-05-13 19:54:38");
insert ignore into eksipiretisi_syntirisis (ypalilos_id, ergasia_id, synt_id, eksypiretisiSyntirisis_timestamp)
	values (19, 519, 25, "1972-08-11 15:46:34");
insert ignore into eksipiretisi_syntirisis (ypalilos_id, ergasia_id, synt_id, eksypiretisiSyntirisis_timestamp)
	values (19, 519, null, "1992-10-14 14:39:50");
insert ignore into eksipiretisi_syntirisis (ypalilos_id, ergasia_id, synt_id, eksypiretisiSyntirisis_timestamp)
	values (19, 619, 26, "1970-12-16 21:27:18");
insert ignore into eksipiretisi_syntirisis (ypalilos_id, ergasia_id, synt_id, eksypiretisiSyntirisis_timestamp)
	values (19, 619, null, "1971-10-20 14:39:35");
insert ignore into eksipiretisi_syntirisis (ypalilos_id, ergasia_id, synt_id, eksypiretisiSyntirisis_timestamp)
	values (19, 719, 27, "1972-05-14 07:23:45");
insert ignore into eksipiretisi_syntirisis (ypalilos_id, ergasia_id, synt_id, eksypiretisiSyntirisis_timestamp)
	values (19, 719, null, "1992-09-08 17:15:27");
insert ignore into eksipiretisi_syntirisis (ypalilos_id, ergasia_id, synt_id, eksypiretisiSyntirisis_timestamp)
	values (19, 819, 28, "1973-10-10 16:13:32");
insert ignore into eksipiretisi_syntirisis (ypalilos_id, ergasia_id, synt_id, eksypiretisiSyntirisis_timestamp)
	values (19, 819, null, "1982-01-31 06:48:38");
insert ignore into eksipiretisi_syntirisis (ypalilos_id, ergasia_id, synt_id, eksypiretisiSyntirisis_timestamp)
	values (19, 919, 29, "1977-12-15 20:34:50");
insert ignore into eksipiretisi_syntirisis (ypalilos_id, ergasia_id, synt_id, eksypiretisiSyntirisis_timestamp)
	values (19, 919, null, "1982-08-10 16:46:27");
insert ignore into eksipiretisi_syntirisis (ypalilos_id, ergasia_id, synt_id, eksypiretisiSyntirisis_timestamp)
	values (15, 40, 30, "1989-05-21 16:39:22");
insert ignore into eksipiretisi_syntirisis (ypalilos_id, ergasia_id, synt_id, eksypiretisiSyntirisis_timestamp)
	values (15, 40, null, "1999-12-09 12:53:46");
insert ignore into eksipiretisi_syntirisis (ypalilos_id, ergasia_id, synt_id, eksypiretisiSyntirisis_timestamp)
	values (15, 140, 31, "1970-10-29 11:50:17");
insert ignore into eksipiretisi_syntirisis (ypalilos_id, ergasia_id, synt_id, eksypiretisiSyntirisis_timestamp)
	values (15, 140, null, "1981-08-01 07:34:08");
insert ignore into eksipiretisi_syntirisis (ypalilos_id, ergasia_id, synt_id, eksypiretisiSyntirisis_timestamp)
	values (15, 240, 32, "1990-04-13 21:14:07");
insert ignore into eksipiretisi_syntirisis (ypalilos_id, ergasia_id, synt_id, eksypiretisiSyntirisis_timestamp)
	values (15, 240, null, "1996-04-21 07:21:42");
insert ignore into eksipiretisi_syntirisis (ypalilos_id, ergasia_id, synt_id, eksypiretisiSyntirisis_timestamp)
	values (15, 340, 33, "1979-10-19 05:04:52");
insert ignore into eksipiretisi_syntirisis (ypalilos_id, ergasia_id, synt_id, eksypiretisiSyntirisis_timestamp)
	values (15, 340, null, "1979-10-22 01:27:39");
insert ignore into eksipiretisi_syntirisis (ypalilos_id, ergasia_id, synt_id, eksypiretisiSyntirisis_timestamp)
	values (15, 440, 34, "1975-05-12 13:24:54");
insert ignore into eksipiretisi_syntirisis (ypalilos_id, ergasia_id, synt_id, eksypiretisiSyntirisis_timestamp)
	values (15, 440, null, "1982-08-07 21:46:31");
insert ignore into eksipiretisi_syntirisis (ypalilos_id, ergasia_id, synt_id, eksypiretisiSyntirisis_timestamp)
	values (15, 540, 35, "1970-01-13 01:26:37");
insert ignore into eksipiretisi_syntirisis (ypalilos_id, ergasia_id, synt_id, eksypiretisiSyntirisis_timestamp)
	values (15, 540, null, "1976-10-13 01:26:36");
insert ignore into eksipiretisi_syntirisis (ypalilos_id, ergasia_id, synt_id, eksypiretisiSyntirisis_timestamp)
	values (15, 640, 36, "1979-09-02 22:35:07");
insert ignore into eksipiretisi_syntirisis (ypalilos_id, ergasia_id, synt_id, eksypiretisiSyntirisis_timestamp)
	values (15, 640, null, "2004-01-04 06:18:12");
insert ignore into eksipiretisi_syntirisis (ypalilos_id, ergasia_id, synt_id, eksypiretisiSyntirisis_timestamp)
	values (15, 740, 37, "1976-11-15 17:19:41");
insert ignore into eksipiretisi_syntirisis (ypalilos_id, ergasia_id, synt_id, eksypiretisiSyntirisis_timestamp)
	values (15, 740, null, "1984-07-16 12:56:35");
insert ignore into eksipiretisi_syntirisis (ypalilos_id, ergasia_id, synt_id, eksypiretisiSyntirisis_timestamp)
	values (15, 840, 38, "1973-05-26 03:32:21");
insert ignore into eksipiretisi_syntirisis (ypalilos_id, ergasia_id, synt_id, eksypiretisiSyntirisis_timestamp)
	values (15, 840, null, "1986-02-28 11:49:42");
insert ignore into eksipiretisi_syntirisis (ypalilos_id, ergasia_id, synt_id, eksypiretisiSyntirisis_timestamp)
	values (15, 940, 39, "1974-11-03 01:11:35");
insert ignore into eksipiretisi_syntirisis (ypalilos_id, ergasia_id, synt_id, eksypiretisiSyntirisis_timestamp)
	values (15, 940, null, "1982-05-14 05:51:35");
insert ignore into eksipiretisi_syntirisis (ypalilos_id, ergasia_id, synt_id, eksypiretisiSyntirisis_timestamp)
	values (14, 64, 40, "1990-03-02 06:39:33");
insert ignore into eksipiretisi_syntirisis (ypalilos_id, ergasia_id, synt_id, eksypiretisiSyntirisis_timestamp)
	values (14, 64, null, "1993-04-26 06:46:31");
insert ignore into eksipiretisi_syntirisis (ypalilos_id, ergasia_id, synt_id, eksypiretisiSyntirisis_timestamp)
	values (14, 164, 41, "1987-10-30 16:16:03");
insert ignore into eksipiretisi_syntirisis (ypalilos_id, ergasia_id, synt_id, eksypiretisiSyntirisis_timestamp)
	values (14, 164, null, "2007-05-16 01:44:24");
insert ignore into eksipiretisi_syntirisis (ypalilos_id, ergasia_id, synt_id, eksypiretisiSyntirisis_timestamp)
	values (14, 264, 42, "1976-05-30 09:43:14");
insert ignore into eksipiretisi_syntirisis (ypalilos_id, ergasia_id, synt_id, eksypiretisiSyntirisis_timestamp)
	values (14, 264, null, "1978-08-08 03:00:28");
insert ignore into eksipiretisi_syntirisis (ypalilos_id, ergasia_id, synt_id, eksypiretisiSyntirisis_timestamp)
	values (14, 364, 43, "1971-02-17 23:20:47");
insert ignore into eksipiretisi_syntirisis (ypalilos_id, ergasia_id, synt_id, eksypiretisiSyntirisis_timestamp)
	values (14, 364, null, "1980-01-28 20:27:32");
insert ignore into eksipiretisi_syntirisis (ypalilos_id, ergasia_id, synt_id, eksypiretisiSyntirisis_timestamp)
	values (14, 464, 44, "1973-02-04 12:24:32");
insert ignore into eksipiretisi_syntirisis (ypalilos_id, ergasia_id, synt_id, eksypiretisiSyntirisis_timestamp)
	values (14, 464, null, "1973-08-19 17:27:40");
insert ignore into eksipiretisi_syntirisis (ypalilos_id, ergasia_id, synt_id, eksypiretisiSyntirisis_timestamp)
	values (14, 564, 45, "1979-06-22 22:25:07");
insert ignore into eksipiretisi_syntirisis (ypalilos_id, ergasia_id, synt_id, eksypiretisiSyntirisis_timestamp)
	values (14, 564, null, "1984-08-25 06:44:31");
insert ignore into eksipiretisi_syntirisis (ypalilos_id, ergasia_id, synt_id, eksypiretisiSyntirisis_timestamp)
	values (14, 664, 46, "1977-02-13 18:19:46");
insert ignore into eksipiretisi_syntirisis (ypalilos_id, ergasia_id, synt_id, eksypiretisiSyntirisis_timestamp)
	values (14, 664, null, "1989-03-22 10:22:55");
insert ignore into eksipiretisi_syntirisis (ypalilos_id, ergasia_id, synt_id, eksypiretisiSyntirisis_timestamp)
	values (14, 764, 47, "1976-11-17 17:41:40");
insert ignore into eksipiretisi_syntirisis (ypalilos_id, ergasia_id, synt_id, eksypiretisiSyntirisis_timestamp)
	values (14, 764, null, "2004-07-09 01:26:45");
insert ignore into eksipiretisi_syntirisis (ypalilos_id, ergasia_id, synt_id, eksypiretisiSyntirisis_timestamp)
	values (14, 864, 48, "1973-07-16 23:57:16");
insert ignore into eksipiretisi_syntirisis (ypalilos_id, ergasia_id, synt_id, eksypiretisiSyntirisis_timestamp)
	values (14, 864, null, "1974-06-25 20:34:05");
insert ignore into eksipiretisi_syntirisis (ypalilos_id, ergasia_id, synt_id, eksypiretisiSyntirisis_timestamp)
	values (14, 964, 49, "1973-08-19 09:30:37");
insert ignore into eksipiretisi_syntirisis (ypalilos_id, ergasia_id, synt_id, eksypiretisiSyntirisis_timestamp)
	values (14, 964, null, "1978-07-23 05:19:04");
insert ignore into programma_syntirisis (ergasia_id, montelo_id)
	values (6, 6);
insert ignore into programma_syntirisis (ergasia_id, montelo_id)
	values (106, 6);
insert ignore into programma_syntirisis (ergasia_id, montelo_id)
	values (206, 6);
insert ignore into programma_syntirisis (ergasia_id, montelo_id)
	values (306, 6);
insert ignore into programma_syntirisis (ergasia_id, montelo_id)
	values (406, 6);
insert ignore into programma_syntirisis (ergasia_id, montelo_id)
	values (506, 6);
insert ignore into programma_syntirisis (ergasia_id, montelo_id)
	values (606, 6);
insert ignore into programma_syntirisis (ergasia_id, montelo_id)
	values (706, 6);
insert ignore into programma_syntirisis (ergasia_id, montelo_id)
	values (806, 6);
insert ignore into programma_syntirisis (ergasia_id, montelo_id)
	values (906, 6);
insert ignore into programma_syntirisis (ergasia_id, montelo_id)
	values (18, 18);
insert ignore into programma_syntirisis (ergasia_id, montelo_id)
	values (118, 18);
insert ignore into programma_syntirisis (ergasia_id, montelo_id)
	values (218, 18);
insert ignore into programma_syntirisis (ergasia_id, montelo_id)
	values (318, 18);
insert ignore into programma_syntirisis (ergasia_id, montelo_id)
	values (418, 18);
insert ignore into programma_syntirisis (ergasia_id, montelo_id)
	values (518, 18);
insert ignore into programma_syntirisis (ergasia_id, montelo_id)
	values (618, 18);
insert ignore into programma_syntirisis (ergasia_id, montelo_id)
	values (718, 18);
insert ignore into programma_syntirisis (ergasia_id, montelo_id)
	values (818, 18);
insert ignore into programma_syntirisis (ergasia_id, montelo_id)
	values (918, 18);
insert ignore into programma_syntirisis (ergasia_id, montelo_id)
	values (19, 19);
insert ignore into programma_syntirisis (ergasia_id, montelo_id)
	values (119, 19);
insert ignore into programma_syntirisis (ergasia_id, montelo_id)
	values (219, 19);
insert ignore into programma_syntirisis (ergasia_id, montelo_id)
	values (319, 19);
insert ignore into programma_syntirisis (ergasia_id, montelo_id)
	values (419, 19);
insert ignore into programma_syntirisis (ergasia_id, montelo_id)
	values (519, 19);
insert ignore into programma_syntirisis (ergasia_id, montelo_id)
	values (619, 19);
insert ignore into programma_syntirisis (ergasia_id, montelo_id)
	values (719, 19);
insert ignore into programma_syntirisis (ergasia_id, montelo_id)
	values (819, 19);
insert ignore into programma_syntirisis (ergasia_id, montelo_id)
	values (919, 19);
insert ignore into programma_syntirisis (ergasia_id, montelo_id)
	values (40, 40);
insert ignore into programma_syntirisis (ergasia_id, montelo_id)
	values (140, 40);
insert ignore into programma_syntirisis (ergasia_id, montelo_id)
	values (240, 40);
insert ignore into programma_syntirisis (ergasia_id, montelo_id)
	values (340, 40);
insert ignore into programma_syntirisis (ergasia_id, montelo_id)
	values (440, 40);
insert ignore into programma_syntirisis (ergasia_id, montelo_id)
	values (540, 40);
insert ignore into programma_syntirisis (ergasia_id, montelo_id)
	values (640, 40);
insert ignore into programma_syntirisis (ergasia_id, montelo_id)
	values (740, 40);
insert ignore into programma_syntirisis (ergasia_id, montelo_id)
	values (840, 40);
insert ignore into programma_syntirisis (ergasia_id, montelo_id)
	values (940, 40);
insert ignore into programma_syntirisis (ergasia_id, montelo_id)
	values (64, 64);
insert ignore into programma_syntirisis (ergasia_id, montelo_id)
	values (164, 64);
insert ignore into programma_syntirisis (ergasia_id, montelo_id)
	values (264, 64);
insert ignore into programma_syntirisis (ergasia_id, montelo_id)
	values (364, 64);
insert ignore into programma_syntirisis (ergasia_id, montelo_id)
	values (464, 64);
insert ignore into programma_syntirisis (ergasia_id, montelo_id)
	values (564, 64);
insert ignore into programma_syntirisis (ergasia_id, montelo_id)
	values (664, 64);
insert ignore into programma_syntirisis (ergasia_id, montelo_id)
	values (764, 64);
insert ignore into programma_syntirisis (ergasia_id, montelo_id)
	values (864, 64);
insert ignore into programma_syntirisis (ergasia_id, montelo_id)
	values (964, 64);
